1,Austina Clarke-Williams,*******,aclarkewilliams0@marriott.com,
2,Aleece Creffeild,*******************,acreffeild1@bloomberg.com,
3,Charmine Bennallck,***********,cbennallck2@webs.com,
4,Selig Ackers,******************,sackers3@yelp.com,
5,Kendell Pease,*********,kpease4@eventbrite.com,
6,Jud Saynor,********,jsaynor5@google.fr,
7,Frieda Haddinton,********************,fhaddinton6@lycos.com,
8,Thibaud Mannooch,****************,tmannooch7@dell.com,
9,Courtnay Glasson,******************,cglasson8@thetimes.co.uk,
10,Codie Waplington,*******************,cwaplington9@cyberchimps.com,
11,Norah Lyford,**************,nlyforda@nationalgeographic.com,
12,Sax Toulson,*************,stoulsonb@biglobe.ne.jp,
13,Nonah Skaife d'Ingerthorpe,*********,nskaifec@gov.uk,
14,Suzanne Wayon,*******,swayond@nytimes.com,
15,Phyllida Castagneto,*************,pcastagnetoe@t.co,
16,Brianna Lavrick,*********,blavrickf@soundcloud.com,
17,Dulsea Denson,****************,ddensong@oracle.com,
18,Hyacinth Somerled,*************,hsomerledh@ftc.gov,
19,Reynold Glason,************,rglasoni@cdbaby.com,
20,Nissy Grzeszczak,********,ngrzeszczakj@odnoklassniki.ru,
21,Indira Dalrymple,***********,idalrymplek@ebay.co.uk,
22,Emmanuel Raikes,********************,eraikesl@wordpress.org,
23,Cally Matyatin,****,cmatyatinm@dagondesign.com,
24,Kellsie Bough,************,kboughn@artisteer.com,
25,Kali Dei,***************,kdeio@ibm.com,
26,Gracie Gannan,**************,ggannanp@exblog.jp,
27,Dulce Simounet,*****************,dsimounetq@a8.net,
28,Rodge Langelay,***************,rlangelayr@sun.com,
29,Alessandro MacCrackan,**********,amaccrackans@narod.ru,
30,Celene Siaskowski,********************,csiaskowskit@epa.gov,
31,Devi Thomsson,************,dthomssonu@rambler.ru,
32,Hermina McLuckie,***************,hmcluckiev@shareasale.com,
33,Cirillo Clementi,********************,cclementiw@cloudflare.com,
34,Dante Bason,***********,dbasonx@liveinternet.ru,
35,Ricky Nibley,*****************,rnibleyy@smugmug.com,
36,Rosaleen Heustace,*****,rheustacez@wp.com,
37,Anstice Robet,****,arobet10@exblog.jp,
38,Maighdiln Bridden,*****************,mbridden11@msu.edu,
39,Carlyle Deedes,***,cdeedes12@noaa.gov,
40,Dolf Wilbraham,***********,dwilbraham13@europa.eu,
41,Georas McAlister,*****************,gmcalister14@vimeo.com,
42,Brod Howood,***************,bhowood15@1und1.de,
43,Aldridge Robarts,*******************,arobarts16@soup.io,
44,Nance Wolland,***********,nwolland17@topsy.com,
45,Ardelia Brannigan,**********,abrannigan18@meetup.com,
46,Evy Toplin,*****,etoplin19@topsy.com,
47,Zacharias Tampion,***********,ztampion1a@icq.com,
48,Ronnie Groombridge,******************,rgroombridge1b@vistaprint.com,
49,Angil Lergan,*********,alergan1c@vk.com,
50,Doralia Inkster,***********,dinkster1d@edublogs.org,
51,Terry Boden,****,tboden1e@umn.edu,
52,Easter Osbiston,******,eosbiston1f@uiuc.edu,
53,Angelita Vennart,***************,avennart1g@bbb.org,
54,Traci Kesten,********,tkesten1h@vkontakte.ru,
55,Cinnamon Rubinowicz,******************,crubinowicz1i@feedburner.com,
56,Francis Batts,*******,fbatts1j@theguardian.com,
57,Tine Ingree,******************,tingree1k@un.org,
58,Israel Garrad,**************,igarrad1l@nationalgeographic.com,
59,Theodosia Davidek,******************,tdavidek1m@tumblr.com,
60,Agnes Vosse,*******,avosse1n@un.org,
61,Gerardo Lepoidevin,*************,glepoidevin1o@skyrock.com,
62,Kenny Picker,******************,kpicker1p@wired.com,
63,Robena Winterscale,**********,rwinterscale1q@people.com.cn,
64,Elane Rugieri,**************,erugieri1r@google.ca,
65,Emmaline Simcox,******,esimcox1s@nps.gov,
66,Tobi Kersaw,******,tkersaw1t@1688.com,
67,Harcourt Crookes,******************,hcrookes1u@jugem.jp,
68,Aurilia Spray,*********,aspray1v@nyu.edu,
69,Thaddeus Donaway,*****,tdonaway1w@nba.com,
70,Silvia Arend,*****************,sarend1x@yahoo.com,
71,Vincents Budcock,****************,vbudcock1y@scientificamerican.com,
72,Miriam Bartczak,***,mbartczak1z@redcross.org,
73,Hilario Edmunds,********************,hedmunds20@opera.com,
74,Danielle Jamary,*******,djamary21@virginia.edu,
75,Kathryne Goschalk,***************,kgoschalk22@mysql.com,
76,Kahlil Padrick,*******,kpadrick23@desdev.cn,
77,Wye Cramond,**************,wcramond24@deviantart.com,
78,Tiffany Pearde,**************,tpearde25@admin.ch,
79,Hershel Jaan,************,hjaan26@jigsy.com,
80,Welsh Wasmuth,*******************,wwasmuth27@washington.edu,
81,Ram Verdon,********,rverdon28@ox.ac.uk,
82,Edeline Slemmonds,***********,eslemmonds29@feedburner.com,
83,Fayina Boffey,****************,fboffey2a@cdc.gov,
84,Querida Apedaile,*****************,qapedaile2b@jalbum.net,
85,Ulises Pitt,******,upitt2c@microsoft.com,
86,Missie Dyton,******,mdyton2d@chicagotribune.com,
87,Birgitta Janos,****************,bjanos2e@epa.gov,
88,Clarie Cretney,*******************,ccretney2f@nydailynews.com,
89,Igor MacSorley,*****************,imacsorley2g@histats.com,
90,Garvin Grebbin,****,ggrebbin2h@4shared.com,
91,Valenka Ditt,***,vditt2i@i2i.jp,
92,Yance Wearden,*******,ywearden2j@sciencedaily.com,
93,Wolfgang Guyver,***********,wguyver2k@furl.net,
94,Faydra Elsby,*************,felsby2l@paginegialle.it,
95,Jourdan Ledward,******************,jledward2m@google.com,
96,Jason Shadfourth,***********,jshadfourth2n@arizona.edu,
97,Temple Janks,*************,tjanks2o@sogou.com,
98,Barbabra Sture,******,bsture2p@salon.com,
99,Patrick Fewster,********,pfewster2q@instagram.com,
100,Carver Giddings,***********,cgiddings2r@taobao.com,
101,Thadeus Gumme,***********,tgumme2s@acquirethisname.com,
102,Jo-anne Sier,***,jsier2t@fastcompany.com,
103,Tiff Satchel,******,tsatchel2u@usnews.com,
104,Jessee Dene,*******,jdene2v@issuu.com,
105,Walsh Jindacek,********,wjindacek2w@youtu.be,
106,Bradney Nutton,*************,bnutton2x@tmall.com,
107,Jandy Gwilliam,***************,jgwilliam2y@blogspot.com,
108,Kacie Clericoates,***************,kclericoates2z@nature.com,
109,Laurice Hanlin,******,lhanlin30@chicagotribune.com,
110,Wilfrid Marcussen,********,wmarcussen31@github.io,
111,Edie McShirrie,**********,emcshirrie32@cnbc.com,
112,Val Southwick,********,vsouthwick33@dot.gov,
113,Rivy Sollime,**********,rsollime34@nasa.gov,
114,Guglielmo Huscroft,****,ghuscroft35@dedecms.com,
115,Shell Gumme,*******,sgumme36@netscape.com,
116,Richmound Kemsley,*****************,rkemsley37@google.com.hk,
117,Amata Uccello,***********,auccello38@comsenz.com,
118,Yehudit D'Hooghe,******************,ydhooghe39@fotki.com,
119,Maddi Cucinotta,******,mcucinotta3a@apple.com,
120,Margo Ashwin,*************,mashwin3b@imgur.com,
121,Alonso Hegges,*******,ahegges3c@netlog.com,
122,Kaye Sherrington,***************,ksherrington3d@dell.com,
123,Pammie Rope,**********,prope3e@github.io,
124,Debra Sivyour,*****************,dsivyour3f@ca.gov,
125,Demetri Yakunin,*******************,dyakunin3g@blogs.com,
126,Weston Penkethman,****************,wpenkethman3h@europa.eu,
127,Jorry Kassel,*****,jkassel3i@whitehouse.gov,
128,Deb Hendrik,******,dhendrik3j@marketwatch.com,
129,Irvin Copsey,******************,icopsey3k@a8.net,
130,Guillema Adam,*******,gadam3l@ebay.co.uk,
131,Felice Bewsey,*******************,fbewsey3m@delicious.com,
132,Kristopher Blumire,**********,kblumire3n@bandcamp.com,
133,Amalle Blankhorn,******,ablankhorn3o@mail.ru,
134,Jdavie Meakes,*******,jmeakes3p@woothemes.com,
135,Rozina Bauld,*********,rbauld3q@acquirethisname.com,
136,Celestine Jerred,****************,cjerred3r@biblegateway.com,
137,Grange Birwhistle,***********,gbirwhistle3s@unc.edu,
138,Charyl Lantoph,********,clantoph3t@bloglines.com,
139,Taber Christescu,***,tchristescu3u@1und1.de,
140,Lorine Jesper,***,ljesper3v@so-net.ne.jp,
141,Earl Siderfin,*********,esiderfin3w@va.gov,
142,Ferdie McPhilemy,***********,fmcphilemy3x@desdev.cn,
143,Sarina Jandak,*********,sjandak3y@aol.com,
144,Ardenia Staddart,************,astaddart3z@merriam-webster.com,
145,Marlon Eason,***************,meason40@friendfeed.com,
146,Ruperto Froggatt,****,rfroggatt41@bbb.org,
147,Allyce Carnson,*******,acarnson42@statcounter.com,
148,Maurita Crannis,****,mcrannis43@51.la,
149,Jasmin Utteridge,****************,jutteridge44@taobao.com,
150,Wells Huygen,************,whuygen45@intel.com,
151,Alisa Hutchason,****************,ahutchason46@reverbnation.com,
152,Fielding Matyushonok,*************,fmatyushonok47@sfgate.com,
153,Peirce Pering,******,ppering48@answers.com,
154,Ignatius Castagnaro,***,icastagnaro49@bbb.org,
155,Babara Fellona,******,bfellona4a@yahoo.co.jp,
156,Hagan Harrhy,*****************,hharrhy4b@cbc.ca,
157,Sheba Byfford,**************,sbyfford4c@independent.co.uk,
158,Letizia Caress,**************,lcaress4d@macromedia.com,
159,Sheila Loveridge,**********,sloveridge4e@nature.com,
160,Raff Kinker,****************,rkinker4f@opensource.org,
161,Constance Toop,*******,ctoop4g@ed.gov,
162,Hyatt Poyzer,*****,hpoyzer4h@slideshare.net,
163,Stormie Bavridge,*****************,sbavridge4i@webeden.co.uk,
164,Colette Mathissen,********************,cmathissen4j@noaa.gov,
165,Corrinne Wellstead,***************,cwellstead4k@squarespace.com,
166,Marabel Sinott,************,msinott4l@seattletimes.com,
167,Carey Dinan,*****,cdinan4m@yelp.com,
168,Rafaelia Vittore,******,rvittore4n@reference.com,
169,Glynn Tinmouth,**************,gtinmouth4o@stanford.edu,
170,Magdalen Trumpeter,****************,mtrumpeter4p@printfriendly.com,
171,Eberhard Porritt,*********,eporritt4q@deviantart.com,
172,Rayna Oldcroft,******************,roldcroft4r@cisco.com,
173,Bridgette Gai,******,bgai4s@nationalgeographic.com,
174,Lester Jury,****,ljury4t@mayoclinic.com,
175,Marianna Gyurko,****************,mgyurko4u@theatlantic.com,
176,Heidie Plessing,***,hplessing4v@sohu.com,
177,Malia Lipgens,***********,mlipgens4w@joomla.org,
178,Selene Fergyson,****************,sfergyson4x@cbc.ca,
179,Renate Oglethorpe,********,roglethorpe4y@mail.ru,
180,Nola Streeten,****,nstreeten4z@t.co,
181,Noah Benbow,*******,nbenbow50@howstuffworks.com,
182,Shel Michiel,***********,smichiel51@answers.com,
183,Nelie Noni,*************,nnoni52@google.cn,
184,Jocko Beesley,***,jbeesley53@pbs.org,
185,Raimundo Wisam,*******************,rwisam54@last.fm,
186,Oby Caunce,*********,ocaunce55@163.com,
187,Jarrid Isson,*******,jisson56@umich.edu,
188,Wald Constantine,********************,wconstantine57@constantcontact.com,
189,Pierson Sibly,***********,psibly58@google.com,
190,Hobie Timbridge,********,htimbridge59@statcounter.com,
191,Martelle Tommeo,******,mtommeo5a@weibo.com,
192,Ephraim Boynton,****************,eboynton5b@cafepress.com,
193,Micheil Bremmer,*****************,mbremmer5c@salon.com,
194,Letty Coogan,**********,lcoogan5d@globo.com,
195,Zebadiah Shotbolt,*****************,zshotbolt5e@hud.gov,
196,Aggie Spitaro,*********,aspitaro5f@elegantthemes.com,
197,Frederique Kezourec,********************,fkezourec5g@addthis.com,
198,Gasparo Neath,****,gneath5h@google.ru,
199,Meade Roughan,*******,mroughan5i@berkeley.edu,
200,Hermon Goodchild,***,hgoodchild5j@blinklist.com,
201,Townie Allchorn,*****,tallchorn5k@gizmodo.com,
202,Justus Tellwright,****,jtellwright5l@studiopress.com,
203,Guendolen Lorek,********,glorek5m@patch.com,
204,Saree Mottley,***,smottley5n@biglobe.ne.jp,
205,Koressa Sustins,********************,ksustins5o@wsj.com,
206,Micheal Money,*****************,mmoney5p@zimbio.com,
207,Tomas Gavrielly,*************,tgavrielly5q@google.com.au,
208,Ginevra Mularkey,********************,gmularkey5r@tuttocitta.it,
209,Nehemiah Gras,**********,ngras5s@omniture.com,
210,Hewett Radborn,*****,hradborn5t@wikimedia.org,
211,Jaimie Mustill,*********,jmustill5u@blogger.com,
212,Simonette Arkell,******************,sarkell5v@t.co,
213,Elysia Danick,******************,edanick5w@ebay.co.uk,
214,Noland Cardo,*****,ncardo5x@ycombinator.com,
215,Delphinia Musto,******,dmusto5y@spiegel.de,
216,Ricki Jossum,*************,rjossum5z@furl.net,
217,Marlon Gurery,***************,mgurery60@ifeng.com,
218,Janith Fibbens,***************,jfibbens61@blog.com,
219,Panchito Gregol,****,pgregol62@friendfeed.com,
220,Chaddie Eglise,******************,ceglise63@timesonline.co.uk,
221,Blanch Pentycross,****,bpentycross64@google.it,
222,Irv Blesdill,*******,iblesdill65@geocities.jp,
223,Brewster Ferry,********,bferry66@flavors.me,
224,Aldwin Peyton,********,apeyton67@smugmug.com,
225,Dacie Spring,****,dspring68@ucoz.com,
226,Alene Herries,****************,aherries69@arstechnica.com,
227,Ursola Dorward,******,udorward6a@yale.edu,
228,Ibrahim Guinan,********,iguinan6b@arizona.edu,
229,Linc Ralton,*****************,lralton6c@si.edu,
230,Wallie Mustoo,**********,wmustoo6d@illinois.edu,
231,Perrine Chaman,***************,pchaman6e@exblog.jp,
232,Virgina David,***********,vdavid6f@umn.edu,
233,Loretta Casford,**********,lcasford6g@tinyurl.com,
234,Marsha Lount,**************,mlount6h@ustream.tv,
235,Juliane Clark,********,jclark6i@stumbleupon.com,
236,Reinaldos Weatherhead,**************,rweatherhead6j@cbsnews.com,
237,Becca Lecointe,****,blecointe6k@51.la,
238,Nickolai Ansill,******,nansill6l@deliciousdays.com,
239,Ilka Vonasek,***********,ivonasek6m@un.org,
240,Chan Donati,*************,cdonati6n@linkedin.com,
241,Philippa Roberts,************,proberts6o@theglobeandmail.com,
242,Mercedes Currington,************,mcurrington6p@stanford.edu,
243,Aime Evenett,**************,aevenett6q@163.com,
244,Guthrey Pichan,*****************,gpichan6r@netlog.com,
245,Bucky Callingham,***************,bcallingham6s@samsung.com,
246,Kristien Cordelle,***,kcordelle6t@parallels.com,
247,Loise Easterbrook,*****************,leasterbrook6u@hibu.com,
248,Cassie Bauman,*************,cbauman6v@dailymail.co.uk,
249,Jenn Huntar,********************,jhuntar6w@facebook.com,
250,Odette Tebbitt,***************,otebbitt6x@clickbank.net,
251,Renell Ryde,*********,rryde6y@jugem.jp,
252,Adelind O'Lunny,************,aolunny6z@redcross.org,
253,Marie Steffens,****,msteffens70@is.gd,
254,Margret Everton,**************,meverton71@sun.com,
255,Dag Baldung,**********,dbaldung72@parallels.com,
256,Lauren Wermerling,***********,lwermerling73@slate.com,
257,Natassia Passingham,***************,npassingham74@examiner.com,
258,Lena Springtorpe,******,lspringtorpe75@icio.us,
259,Kimbra Pruvost,*************,kpruvost76@networksolutions.com,
260,Rodd Dudny,************,rdudny77@patch.com,
261,Josh Reidshaw,***********,jreidshaw78@geocities.jp,
262,Dorie Doniso,*****,ddoniso79@prnewswire.com,
263,Winnie Zute,*************,wzute7a@surveymonkey.com,
264,Annora Ravens,***,aravens7b@sitemeter.com,
265,Constancia Romero,*****,cromero7c@wunderground.com,
266,Shanna Stoggles,*******,sstoggles7d@last.fm,
267,Karrie Gillebride,******,kgillebride7e@adobe.com,
268,Constance Pfaffe,***************,cpfaffe7f@princeton.edu,
269,Rudy Eldrett,******************,reldrett7g@economist.com,
270,Frants Kitcat,********************,fkitcat7h@com.com,
271,Sonia Lillie,************,slillie7i@behance.net,
272,Juliet Shildrake,*********,jshildrake7j@scientificamerican.com,
273,Gordon Hanbury,*******************,ghanbury7k@nifty.com,
274,Cathe Bolte,*******,cbolte7l@amazon.co.uk,
275,Winfield Fawke,*************,wfawke7m@msu.edu,
276,Nadean Henrichsen,*************,nhenrichsen7n@pinterest.com,
277,Phillie Conaghy,***********,pconaghy7o@wikimedia.org,
278,Alvy Colquit,*************,acolquit7p@multiply.com,
279,Bobina Wythe,*********,bwythe7q@merriam-webster.com,
280,Katalin Cucuzza,****,kcucuzza7r@engadget.com,
281,Chrissy Martijn,**************,cmartijn7s@github.com,
282,Cindy Humbles,****************,chumbles7t@usda.gov,
283,Karly Conahy,***,kconahy7u@skype.com,
284,Charmion Devanney,**************,cdevanney7v@wiley.com,
285,Arlina Ilymanov,**************,ailymanov7w@cloudflare.com,
286,Ashlee Andrys,*****************,aandrys7x@squidoo.com,
287,Fernanda Antonio,************,fantonio7y@shareasale.com,
288,Heath Antushev,***************,hantushev7z@behance.net,
289,Garrek Garrow,******************,ggarrow80@sun.com,
290,Gris Rivilis,***************,grivilis81@youtu.be,
291,Kleon Side,*************,kside82@tripadvisor.com,
292,Indira Canti,*****************,icanti83@usatoday.com,
293,Lilyan Anglish,*********,langlish84@usda.gov,
294,Nikolos Foulks,***********,nfoulks85@biblegateway.com,
295,Dav Guitonneau,***,dguitonneau86@phpbb.com,
296,Paige Pauluzzi,****************,ppauluzzi87@youtu.be,
297,Neddy Lesser,*******,nlesser88@telegraph.co.uk,
298,Nicky Holleworth,*******************,nholleworth89@mozilla.org,
299,Annaliese Cumpton,****,acumpton8a@paypal.com,
300,Rourke Shivlin,*******,rshivlin8b@icq.com,
301,Faber Yushmanov,*********,fyushmanov8c@google.co.uk,
302,Jorey Goldsmith,**********,jgoldsmith8d@paypal.com,
303,Lynnette Casero,***********,lcasero8e@github.com,
304,Rozella Terzza,****************,rterzza8f@desdev.cn,
305,Rora Chimes,*******************,rchimes8g@1688.com,
306,Nikolai Nicholson,******,nnicholson8h@i2i.jp,
307,Moria Medd,*****************,mmedd8i@ning.com,
308,Alexia Jozwicki,******,ajozwicki8j@e-recht24.de,
309,Cornelle Listone,***********,clistone8k@mapquest.com,
310,Licha Brokenshire,****,lbrokenshire8l@tuttocitta.it,
311,Kenn Lanchbery,************,klanchbery8m@sitemeter.com,
312,Orson Tackle,**********,otackle8n@economist.com,
313,Patty Adderson,************,padderson8o@hibu.com,
314,Brandi Roseby,*********,broseby8p@about.com,
315,Carleen Crome,********************,ccrome8q@eepurl.com,
316,Jaynell Leeke,***,jleeke8r@360.cn,
317,Malcolm De Francisci,***,mde8s@icq.com,
318,Gisele Worster,****,gworster8t@theglobeandmail.com,
319,Sybilla Bonellie,****,sbonellie8u@amazon.com,
320,Liesa Pratten,***************,lpratten8v@senate.gov,
321,Gabriell Pontain,********************,gpontain8w@npr.org,
322,Ira Hortop,******************,ihortop8x@ucoz.ru,
323,Julianna Wingeatt,***************,jwingeatt8y@51.la,
324,Burke Choldcroft,********************,bcholdcroft8z@furl.net,
325,Adriaens Hassall,***********,ahassall90@cornell.edu,
326,Elizabet Brandi,*****************,ebrandi91@ow.ly,
327,Standford McKendo,************,smckendo92@163.com,
328,Pat Rothera,****,prothera93@youku.com,
329,Sigismond Flohard,********,sflohard94@rambler.ru,
330,Juieta Diack,***********,jdiack95@yellowpages.com,
331,Shae Peattie,***********,speattie96@discovery.com,
332,Aubree Ludwig,********,aludwig97@go.com,
333,Tine Caser,**********,tcaser98@jigsy.com,
334,Henrie Pepperell,***************,hpepperell99@weebly.com,
335,Kenneth Willwood,****,kwillwood9a@instagram.com,
336,Cristen Whithalgh,*******************,cwhithalgh9b@xinhuanet.com,
337,Stevie Tolmie,******************,stolmie9c@jiathis.com,
338,Hobie Greville,******************,hgreville9d@comsenz.com,
339,Coral Hentzeler,********************,chentzeler9e@photobucket.com,
340,Shannon Caldaro,********************,scaldaro9f@washington.edu,
341,Aurie Heddon,**********,aheddon9g@altervista.org,
342,Normy Flitcroft,***********,nflitcroft9h@jimdo.com,
343,Hatti Christofe,**************,hchristofe9i@alexa.com,
344,Nolly Fillingham,****************,nfillingham9j@webeden.co.uk,
345,Alvera Knifton,****,aknifton9k@whitehouse.gov,
346,Crichton Hallifax,*****************,challifax9l@tumblr.com,
347,Sukey Theobald,************,stheobald9m@ucla.edu,
348,Gusty Escritt,******************,gescritt9n@bigcartel.com,
349,Hedwiga Veld,***************,hveld9o@ezinearticles.com,
350,Dorotea Leeburn,**********,dleeburn9p@furl.net,
351,Edouard Colnett,**************,ecolnett9q@blogtalkradio.com,
352,Nollie Hazeldine,**********,nhazeldine9r@ucoz.ru,
353,Dino Raithmill,****,draithmill9s@sbwire.com,
354,Stern Coltan,**************,scoltan9t@adobe.com,
355,Nariko Lesslie,*********,nlesslie9u@freewebs.com,
356,Hallie Bickell,********************,hbickell9v@hp.com,
357,Theressa Ubsdale,********,tubsdale9w@globo.com,
358,Garrek Gradly,***,ggradly9x@icio.us,
359,Barbette Stangroom,******,bstangroom9y@gov.uk,
360,Angy Maymand,*******************,amaymand9z@ihg.com,
361,Viki Burnet,*********,vburneta0@sfgate.com,
362,Cassondra Van den Velde,****,cvana1@posterous.com,
363,Nariko Hambleton,**********,nhambletona2@who.int,
364,Carroll Vyel,******************,cvyela3@bigcartel.com,
365,Wenona Shillitto,***,wshillittoa4@joomla.org,
366,Ezri Wareham,*******,ewarehama5@wufoo.com,
367,Dayna Pallent,*********,dpallenta6@theguardian.com,
368,Cal Paoli,****,cpaolia7@foxnews.com,
369,Fiona How,****************,fhowa8@themeforest.net,
370,Rasia Rist,********,rrista9@topsy.com,
371,Arabela Chaff,*******************,achaffaa@house.gov,
372,Myrah Bohin,*************,mbohinab@ebay.co.uk,
373,Benton Driffe,**************,bdriffeac@t-online.de,
374,Luis Ekkel,***,lekkelad@earthlink.net,
375,Marten Matthewman,************,mmatthewmanae@vistaprint.com,
376,Gianni Lohan,********,glohanaf@imdb.com,
377,Munmro Grgic,**************,mgrgicag@sciencedaily.com,
378,Carry Vanner,*********,cvannerah@hao123.com,
379,Garwin Alenichicov,******************,galenichicovai@bizjournals.com,
380,Caryn Napier,*******,cnapieraj@drupal.org,
381,Tully Tollady,*****************,ttolladyak@princeton.edu,
382,Liesa Tunno,********,ltunnoal@ca.gov,
383,Constance Wroe,*********,cwroeam@goodreads.com,
384,Millisent Gallichan,**********,mgallichanan@sfgate.com,
385,Walden Shortin,*************,wshortinao@uiuc.edu,
386,Heida Ogley,**************,hogleyap@topsy.com,
387,Chase Planks,********,cplanksaq@gravatar.com,
388,Ebony Skeldon,******,eskeldonar@sciencedirect.com,
389,Poul Lahive,***,plahiveas@friendfeed.com,
390,Morley Beeswing,*******,mbeeswingat@dailymotion.com,
391,Andrea Buchett,***,abuchettau@cnbc.com,
392,Abelard Scarf,*******************,ascarfav@spiegel.de,
393,Alanna Finch,**********,afinchaw@utexas.edu,
394,Jeddy O'Lynn,*****,jolynnax@cbc.ca,
395,Charity Sirr,********,csirray@sun.com,
396,Theodor Cariss,**********,tcarissaz@usnews.com,
397,Lucais Rablen,********,lrablenb0@seesaa.net,
398,Katrine Kinchley,********,kkinchleyb1@imgur.com,
399,Lusa Moulding,*****,lmouldingb2@reverbnation.com,
400,Eb Lower,*************,elowerb3@home.pl,
401,Seymour Chat,**********,schatb4@bandcamp.com,
402,Jorrie Caulfield,*******************,jcaulfieldb5@illinois.edu,
403,Sonnie Noir,********,snoirb6@adobe.com,
404,Nikolos Larkings,*****************,nlarkingsb7@imgur.com,
405,Dannel Miskimmon,**************,dmiskimmonb8@ning.com,
406,Rudie Drescher,****,rdrescherb9@google.co.uk,
407,Connie Ciotto,**********,cciottoba@pcworld.com,
408,Abdel Worwood,*********,aworwoodbb@comcast.net,
409,Emylee Puttnam,********,eputtnambc@booking.com,
410,Arvin Alred,**********,aalredbd@creativecommons.org,
411,Kendrick Dovidaitis,*******************,kdovidaitisbe@yellowbook.com,
412,Gal Sotham,*******,gsothambf@hatena.ne.jp,
413,Leyla Donovan,*******,ldonovanbg@joomla.org,
414,Dalenna Damrel,*****,ddamrelbh@opensource.org,
415,Karol Ravelus,************,kravelusbi@oracle.com,
416,Cinnamon Parkyns,*******,cparkynsbj@odnoklassniki.ru,
417,Jervis Guyet,****,jguyetbk@mayoclinic.com,
418,Marena Beiderbeck,*****,mbeiderbeckbl@w3.org,
419,Janene Rotte,*************,jrottebm@topsy.com,
420,Christie Brogan,***********,cbroganbn@gizmodo.com,
421,Tamqrah Brimblecomb,********************,tbrimblecombbo@wordpress.org,
422,Melvyn Meeks,******,mmeeksbp@miitbeian.gov.cn,
423,Lusa Tunbridge,****************,ltunbridgebq@mac.com,
424,Kerry Dawtrey,*******,kdawtreybr@google.pl,
425,Kippie Yakhin,********************,kyakhinbs@paypal.com,
426,Brodie Micklem,***,bmicklembt@nifty.com,
427,Margy Chipman,*************,mchipmanbu@zdnet.com,
428,Warden Jammet,**************,wjammetbv@irs.gov,
429,Maia Daine,****,mdainebw@discuz.net,
430,Melli Kytley,*****,mkytleybx@jalbum.net,
431,Denise Thorald,******,dthoraldby@google.cn,
432,Bertha Mathews,************,bmathewsbz@opera.com,
433,Christy Halshaw,*********,chalshawc0@opensource.org,
434,Bevon Ruppeli,******,bruppelic1@liveinternet.ru,
435,Nicole Reubel,*************,nreubelc2@angelfire.com,
436,Elizabeth Poulton,***********,epoultonc3@163.com,
437,Guglielmo Girvan,*******************,ggirvanc4@over-blog.com,
438,Bendite Muscott,***********,bmuscottc5@seesaa.net,
439,Darn Arno,***,darnoc6@histats.com,
440,Yehudi Stearns,***************,ystearnsc7@ted.com,
441,Darnall Larham,**************,dlarhamc8@indiegogo.com,
442,Salomon Haster,********,shasterc9@bing.com,
443,Becky Vondrys,**********,bvondrysca@gravatar.com,
444,Grace Smither,********************,gsmithercb@chicagotribune.com,
445,Sutherland Hastilow,******,shastilowcc@flickr.com,
446,Dayna Swanson,*************,dswansoncd@dyndns.org,
447,Zak Barrows,******,zbarrowsce@cdc.gov,
448,Bernardina Elliff,****,belliffcf@pinterest.com,
449,Rosabelle Foulstone,******************,rfoulstonecg@merriam-webster.com,
450,Dex Bottle,***************,dbottlech@shareasale.com,
451,Paco Wichard,*****************,pwichardci@biblegateway.com,
452,Freedman Burner,*****************,fburnercj@umn.edu,
453,Mickey Muller,*******************,mmullerck@deliciousdays.com,
454,Justus Draijer,************,jdraijercl@hubpages.com,
455,Caroline Clewlow,********,cclewlowcm@dailymotion.com,
456,Karalynn Holleworth,*******,kholleworthcn@cornell.edu,
457,Dagmar Parr,*********,dparrco@sourceforge.net,
458,Derrick Oluwatoyin,*******,doluwatoyincp@creativecommons.org,
459,Gigi Ellerington,***************,gelleringtoncq@pagesperso-orange.fr,
460,Valentijn Wherton,********************,vwhertoncr@youku.com,
461,Jeno Artindale,**********,jartindalecs@1688.com,
462,Idaline Lindemann,****************,ilindemannct@alexa.com,
463,Jewel Caselick,*************,jcaselickcu@nasa.gov,
464,Gussie Hopkyns,**********,ghopkynscv@earthlink.net,
465,Veronika Batcock,*****,vbatcockcw@reference.com,
466,Woodie Drissell,*******************,wdrissellcx@pbs.org,
467,Olivette Malby,*********,omalbycy@sina.com.cn,
468,Binny Chimes,*************,bchimescz@wikipedia.org,
469,Allix Tenpenny,*****,atenpennyd0@cmu.edu,
470,Igor Ordish,*******,iordishd1@amazon.co.uk,
471,Jolene Lyddon,********************,jlyddond2@istockphoto.com,
472,Turner Demeza,****,tdemezad3@time.com,
473,Krystle Riply,*********,kriplyd4@yelp.com,
474,Meridel North,************,mnorthd5@bbb.org,
475,Sherwin Ventura,***************,sventurad6@google.com.hk,
476,Melosa Goodale,********,mgoodaled7@com.com,
477,Ermentrude Applegate,****,eapplegated8@about.me,
478,Bennett Klimes,**************,bklimesd9@fastcompany.com,
479,Richmond Keri,**************,rkerida@xrea.com,
480,Amory Pentercost,*************,apentercostdb@jigsy.com,
481,Cesar Ullyatt,******************,cullyattdc@ebay.co.uk,
482,Ellynn Garraway,*****************,egarrawaydd@i2i.jp,
483,Lea Clackers,******************,lclackersde@bbb.org,
484,Zitella Dannell,****,zdannelldf@trellian.com,
485,Cris Taaffe,*******,ctaaffedg@psu.edu,
486,Martie Sent,*********,msentdh@tamu.edu,
487,Alexander Duplock,***,aduplockdi@cnet.com,
488,Kaia Cankett,**************,kcankettdj@1688.com,
489,Jewelle Feldbau,***************,jfeldbaudk@facebook.com,
490,Mackenzie Ord,************,morddl@w3.org,
491,Miltie Gullefant,**********,mgullefantdm@si.edu,
492,Jandy Sall,****************,jsalldn@wikispaces.com,
493,Correy Terzza,**********,cterzzado@constantcontact.com,
494,Gerhard Chadney,************,gchadneydp@yandex.ru,
495,Ashien Champness,***********,achampnessdq@prnewswire.com,
496,Randi Ravenshaw,****,rravenshawdr@youtu.be,
497,Patrizia Thorne,*************,pthorneds@reuters.com,
498,Merle Mallett,********,mmallettdt@stanford.edu,
499,Brita Stockin,*************,bstockindu@livejournal.com,
500,Filippa Merryweather,*****************,fmerryweatherdv@whitehouse.gov,
501,Marisa Awin,**************,mawindw@mapy.cz,
502,Gwenora Lesmonde,**********,glesmondedx@irs.gov,
503,Jeffry Lugton,******,jlugtondy@51.la,
504,Gabbie Matus,****,gmatusdz@tumblr.com,
505,Had Jeannaud,****,hjeannaude0@behance.net,
506,Justinn Bilbery,**********,jbilberye1@sina.com.cn,
507,Kai Mainwaring,*****************,kmainwaringe2@w3.org,
508,Maurise Vennings,***************,mvenningse3@cargocollective.com,
509,Merle Poag,**********,mpoage4@jimdo.com,
510,Ora Bollen,********************,obollene5@lycos.com,
511,Estele Grinnell,********,egrinnelle6@discuz.net,
512,Hal Remmers,************,hremmerse7@about.com,
513,Brody Aisthorpe,********,baisthorpee8@ifeng.com,
514,Glenda Luxton,**********,gluxtone9@simplemachines.org,
515,Terri-jo Quincey,****************,tquinceyea@wufoo.com,
516,Jonis Bosanko,******,jbosankoeb@springer.com,
517,Murry Chaloner,***,mchalonerec@sogou.com,
518,Annabelle Cannop,********************,acannoped@about.me,
519,Dannie Loveland,*******,dlovelandee@fastcompany.com,
520,Kerrin Didsbury,******,kdidsburyef@uiuc.edu,
521,Courtnay Gorner,********************,cgornereg@gnu.org,
522,Nanete Sowley,********,nsowleyeh@yahoo.com,
523,Dillon Janosevic,***,djanosevicei@blogspot.com,
524,Nananne Rudledge,*******************,nrudledgeej@blogspot.com,
525,Sonnnie Spurling,********,sspurlingek@purevolume.com,
526,Benton Breffit,***,bbreffitel@merriam-webster.com,
527,Keefe Sparshott,*****************,ksparshottem@rediff.com,
528,Sosanna Harcarse,***,sharcarseen@yandex.ru,
529,Babb Masterson,**************,bmastersoneo@dyndns.org,
530,Naomi Thripp,*****,nthrippep@amazon.co.jp,
531,Pris Kleinlerer,*****************,pkleinlerereq@canalblog.com,
532,Jillian Wozencroft,***********,jwozencrofter@cam.ac.uk,
533,Chic Rowcastle,***************,crowcastlees@yahoo.co.jp,
534,Bartholomeus Hassan,****,bhassanet@sina.com.cn,
535,Fulton Winear,***,fwineareu@blogspot.com,
536,Winnah Dove,*****************,wdoveev@ifeng.com,
537,Jacki Elph,**********,jelphew@jigsy.com,
538,Waldo Mulqueeny,******************,wmulqueenyex@aboutads.info,
539,Stevy Prestige,******************,sprestigeey@dion.ne.jp,
540,Bail Biswell,*************,bbiswellez@ca.gov,
541,Glyn Kezor,********,gkezorf0@unicef.org,
542,Alessandro MacFadzean,***,amacfadzeanf1@vimeo.com,
543,Cherish Karlsen,*********,ckarlsenf2@domainmarket.com,
544,Willie Tunniclisse,***********,wtunniclissef3@mac.com,
545,Anna-diane Kield,*****,akieldf4@disqus.com,
546,Corrine Dennison,****************,cdennisonf5@hostgator.com,
547,Geoff Boys,************,gboysf6@homestead.com,
548,Bethena Elis,******************,belisf7@fotki.com,
549,Loy Zealy,**************,lzealyf8@oakley.com,
550,Wallace Bowry,*****************,wbowryf9@discuz.net,
551,Rafe Thornborrow,***********,rthornborrowfa@whitehouse.gov,
552,Janella Evershed,***********,jevershedfb@creativecommons.org,
553,Ara Boag,****************,aboagfc@fastcompany.com,
554,Mandel Coney,**********,mconeyfd@51.la,
555,Angie Aries,*********,aariesfe@smh.com.au,
556,Adamo Otton,*******,aottonff@google.cn,
557,Johannah Lamble,**************,jlamblefg@forbes.com,
558,Zeb Gates,***************,zgatesfh@shop-pro.jp,
559,Carlotta Francombe,******,cfrancombefi@yellowbook.com,
560,Celestyn Gandar,***************,cgandarfj@youtu.be,
561,Kaitlyn Solomonides,*******,ksolomonidesfk@ehow.com,
562,Isa Cuniam,*******************,icuniamfl@skype.com,
563,Leonidas Helliwell,***********,lhelliwellfm@addthis.com,
564,Aubine Smalley,******,asmalleyfn@ifeng.com,
565,Pembroke Schimon,************,pschimonfo@feedburner.com,
566,Gayle Gilburt,**************,ggilburtfp@mtv.com,
567,Ros Vallintine,*********,rvallintinefq@mail.ru,
568,Astrix Pummery,****,apummeryfr@constantcontact.com,
569,Rivy Surmeyer,********************,rsurmeyerfs@goo.ne.jp,
570,Talbert Crome,****************,tcromeft@army.mil,
571,Will Jacquot,****,wjacquotfu@bloglovin.com,
572,Thalia Chaster,********,tchasterfv@yellowpages.com,
573,Dunn Roser,*************,droserfw@ucla.edu,
574,Lavinie Franies,*****************,lfraniesfx@linkedin.com,
575,Jase Paunsford,**************,jpaunsfordfy@blogtalkradio.com,
576,Phip Goodlip,*************,pgoodlipfz@jiathis.com,
577,Port O'Neal,*********,ponealg0@shinystat.com,
578,Krissy De Vuyst,*************,kdeg1@jalbum.net,
579,Carver Gawen,*********,cgaweng2@google.com.hk,
580,Ric Dempster,*******,rdempsterg3@flavors.me,
581,Montgomery Izhakov,*********,mizhakovg4@examiner.com,
582,Stephie Langshaw,******************,slangshawg5@so-net.ne.jp,
583,Damaris Helmke,****,dhelmkeg6@ezinearticles.com,
584,Luella Stoeckle,************,lstoeckleg7@upenn.edu,
585,Matty Zannetti,************,mzannettig8@reddit.com,
586,Cesar Ranyell,***,cranyellg9@mozilla.com,
587,Stanford Svanetti,****,ssvanettiga@forbes.com,
588,Daryle Bourke,**************,dbourkegb@hostgator.com,
589,Dot Selby,***********,dselbygc@amazonaws.com,
590,Wash MacAllan,*********,wmacallangd@oaic.gov.au,
591,Tracie Toombes,*********,ttoombesge@vimeo.com,
592,Noella Sorbie,***********,nsorbiegf@wix.com,
593,Hadleigh Penfold,************,hpenfoldgg@over-blog.com,
594,Carling Gorioli,*************,cgorioligh@over-blog.com,
595,Perren Kinig,********,pkiniggi@over-blog.com,
596,Augustine Highnam,*****,ahighnamgj@dmoz.org,
597,Deni Castanho,***************,dcastanhogk@wix.com,
598,Hart Vondruska,***,hvondruskagl@last.fm,
599,Gianna Mudd,*******************,gmuddgm@nydailynews.com,
600,Breena Hillan,*******************,bhillangn@typepad.com,
601,Agace Dauney,*****,adauneygo@google.co.jp,
602,Maren Muldoon,************,mmuldoongp@slate.com,
603,Svend Suston,**************,ssustongq@netlog.com,
604,Brittany Ganders,*********,bgandersgr@w3.org,
605,Enrica Keyes,*******************,ekeyesgs@cisco.com,
606,Martie Langdridge,***********,mlangdridgegt@t.co,
607,Paddie Miranda,*********,pmirandagu@qq.com,
608,Kimberli Branston,********************,kbranstongv@howstuffworks.com,
609,Adham Stothard,***************,astothardgw@phoca.cz,
610,Corabel De la Eglise,********,cdegx@smugmug.com,
611,Magdalen Downs,***************,mdownsgy@unc.edu,
612,Briggs Ravenhill,*******************,bravenhillgz@elegantthemes.com,
613,Wallie Pollock,****************,wpollockh0@infoseek.co.jp,
614,Simona Rider,******,sriderh1@marriott.com,
615,Ulick Stronge,*****,ustrongeh2@psu.edu,
616,Mycah Tanfield,********,mtanfieldh3@liveinternet.ru,
617,Cullin Reinbech,*****************,creinbechh4@umn.edu,
618,Aurore McTurlough,******,amcturloughh5@hexun.com,
619,Birk Wrathmell,***********,bwrathmellh6@jugem.jp,
620,Sinclare Jermin,*****,sjerminh7@is.gd,
621,Maiga Ricketts,******,mrickettsh8@php.net,
622,Jacky Mangeney,*******************,jmangeneyh9@bravesites.com,
623,Dorree Dunn,**************,ddunnha@zimbio.com,
624,Thomas McFetrich,******,tmcfetrichhb@reddit.com,
625,Claire Anton,******************,cantonhc@google.com.br,
626,Addie Stolze,*****,astolzehd@google.ca,
627,Cate Starcks,*****,cstarckshe@multiply.com,
628,Silvia Ternouth,********************,sternouthhf@t.co,
629,Silvia Pleasance,*******************,spleasancehg@cargocollective.com,
630,Marigold Short,*************,mshorthh@webs.com,
631,Nicolas Brede,**********,nbredehi@telegraph.co.uk,
632,Trev Blannin,*****************,tblanninhj@kickstarter.com,
633,Dimitri Milliken,*********,dmillikenhk@mozilla.com,
634,Marlee Romeo,*****************,mromeohl@earthlink.net,
635,Bunni Ducket,*******,bduckethm@lulu.com,
636,Mendie Cockarill,****,mcockarillhn@barnesandnoble.com,
637,Lelia Smye,**************,lsmyeho@walmart.com,
638,Lyndsie Bolderstone,************,lbolderstonehp@auda.org.au,
639,Euphemia Hoy,**************,ehoyhq@shop-pro.jp,
640,Hashim Trevor,******,htrevorhr@list-manage.com,
641,Andreas Purvis,******,apurvishs@people.com.cn,
642,Ashton Skyrme,***,askyrmeht@barnesandnoble.com,
643,Gates Morit,*******,gmorithu@gov.uk,
644,Abigael Ryton,***,arytonhv@goo.ne.jp,
645,Lucio Dominetti,***********,ldominettihw@mtv.com,
646,Amelita Dunsmore,**************,adunsmorehx@bloglovin.com,
647,Murray Duchart,*******,mducharthy@netvibes.com,
648,Darius Sirmon,*************,dsirmonhz@elpais.com,
649,Prentiss Spottiswoode,*********,pspottiswoodei0@miibeian.gov.cn,
650,Bernadine Biggam,****,bbiggami1@rambler.ru,
651,Isabelle Revans,**********,irevansi2@upenn.edu,
652,Frans Fursland,******************,ffurslandi3@earthlink.net,
653,Cy Climpson,*****************,cclimpsoni4@sourceforge.net,
654,Delia Stoyles,********************,dstoylesi5@ow.ly,
655,Aloysius MacAree,**************,amacareei6@abc.net.au,
656,Teirtza Clendening,****************,tclendeningi7@examiner.com,
657,Patrica Garaghan,***,pgaraghani8@cafepress.com,
658,Corrie Theobald,************,ctheobaldi9@timesonline.co.uk,
659,Belva Plimmer,*************,bplimmeria@canalblog.com,
660,Lynette Abreheart,*****************,labreheartib@netlog.com,
661,Warde Liveing,**********,wliveingic@rediff.com,
662,Joseph Castellino,**************,jcastellinoid@ibm.com,
663,Bobbi Varley,*******************,bvarleyie@plala.or.jp,
664,Rosco Seale,******,rsealeif@goo.gl,
665,Bren Spincke,******,bspinckeig@woothemes.com,
666,Steffie Cornwell,*******,scornwellih@adobe.com,
667,Samaria Clewes,************,sclewesii@tinyurl.com,
668,Dunc Balmforth,*****************,dbalmforthij@liveinternet.ru,
669,Giraldo Haddick,************,ghaddickik@twitpic.com,
670,Justis Rosenwald,****************,jrosenwaldil@joomla.org,
671,Ulrica Campanelli,******,ucampanelliim@t-online.de,
672,Gorden Keigher,******,gkeigherin@moonfruit.com,
673,Zacherie Dietsche,************,zdietscheio@bandcamp.com,
674,Benetta Dubarry,*************,bdubarryip@harvard.edu,
675,Dewey Tremelling,********,dtremellingiq@imgur.com,
676,Mendy Cregin,****,mcreginir@baidu.com,
677,Emmeline Pessler,******,epessleris@hp.com,
678,Minetta McMakin,*****,mmcmakinit@icio.us,
679,Jeramie Monan,*********,jmonaniu@opera.com,
680,Darrin Maberley,*******************,dmaberleyiv@blogtalkradio.com,
681,Ricki Seawell,********,rseawelliw@cbsnews.com,
682,Nap Ingleby,*****************,ninglebyix@ameblo.jp,
683,Rica Blodget,******************,rblodgetiy@sogou.com,
684,King Panketh,************,kpankethiz@examiner.com,
685,Barrie Lorne,*******************,blornej0@is.gd,
686,Juliette Battlestone,********************,jbattlestonej1@dion.ne.jp,
687,Lauralee de Lloyd,*************,ldej2@parallels.com,
688,Loraine Walthall,**********,lwalthallj3@intel.com,
689,Carly Lorkin,*****,clorkinj4@gnu.org,
690,Serene Korneev,************,skorneevj5@psu.edu,
691,Arnuad Kent,********************,akentj6@un.org,
692,Stephanie Ottley,**************,sottleyj7@theglobeandmail.com,
693,Karel Caughey,********,kcaugheyj8@addthis.com,
694,Gwenneth Duligall,********,gduligallj9@lulu.com,
695,Carolyne Mildmott,**********,cmildmottja@i2i.jp,
696,Xerxes Banstead,*******************,xbansteadjb@woothemes.com,
697,Curt Roll,********************,crolljc@dyndns.org,
698,Kimmie Alsina,*********,kalsinajd@blogger.com,
699,Frayda Babington,****************,fbabingtonje@boston.com,
700,Timmie Brisbane,*****************,tbrisbanejf@discuz.net,
701,Kameko Newlove,***************,knewlovejg@simplemachines.org,
702,Darci Rodgers,****,drodgersjh@spotify.com,
703,Wini Treadway,****************,wtreadwayji@so-net.ne.jp,
704,L;urette Emps,*******,lempsjj@msn.com,
705,Ettore Treppas,*******************,etreppasjk@dmoz.org,
706,Rey Joontjes,*******************,rjoontjesjl@forbes.com,
707,Tirrell Nutten,********,tnuttenjm@indiatimes.com,
708,Daniella Ragat,*****************,dragatjn@4shared.com,
709,Ted Brydon,******************,tbrydonjo@ucoz.ru,
710,Jacquelynn McNess,*********,jmcnessjp@economist.com,
711,Latia Bendle,************,lbendlejq@over-blog.com,
712,Henrik Bernot,******,hbernotjr@canalblog.com,
713,Kristel Ruffler,****************,krufflerjs@google.ru,
714,Lyn Fahrenbach,*****************,lfahrenbachjt@imgur.com,
715,Brina Turbern,*************,bturbernju@hatena.ne.jp,
716,Skippie Laherty,********************,slahertyjv@netlog.com,
717,Ariel Peniman,*******************,apenimanjw@discovery.com,
718,Gretna Ewings,*******************,gewingsjx@wiley.com,
719,Sydney Van der Kruys,***,svanjy@loc.gov,
720,Kristos Teml,********************,ktemljz@hp.com,
721,Livy Lippi,******************,llippik0@bandcamp.com,
722,Delaney Aveling,******************,davelingk1@boston.com,
723,Colette Clashe,**********,cclashek2@who.int,
724,Celeste Rought,***,croughtk3@list-manage.com,
725,Kenn Cantrell,*******,kcantrellk4@hugedomains.com,
726,Mariya Curnick,*********,mcurnickk5@geocities.com,
727,Barbe Prickett,************,bprickettk6@issuu.com,
728,Alford Collaton,******,acollatonk7@unc.edu,
729,Edouard McElwee,*******************,emcelweek8@cpanel.net,
730,Guillemette Bernhardi,***************,gbernhardik9@pinterest.com,
731,Jere Greve,*****************,jgreveka@state.gov,
732,Packston Wasbrough,****************,pwasbroughkb@ustream.tv,
733,Dix Jeary,****,djearykc@soundcloud.com,
734,Elora Claybourne,*******,eclaybournekd@123-reg.co.uk,
735,Kim Zanuciolii,****************,kzanucioliike@hugedomains.com,
736,Aldo Grigaut,***************,agrigautkf@theglobeandmail.com,
737,Bamby Carabet,*************,bcarabetkg@arstechnica.com,
738,Ethe Spikings,****,espikingskh@linkedin.com,
739,Kelsi Garfoot,***********,kgarfootki@usa.gov,
740,Rafael Reicharz,*******,rreicharzkj@de.vu,
741,Bone Baldoni,********************,bbaldonikk@redcross.org,
742,Michaela Brecher,**********,mbrecherkl@geocities.com,
743,Arie Polo,********************,apolokm@rediff.com,
744,Rosette Smyth,********,rsmythkn@163.com,
745,Prissie Halward,**********,phalwardko@wikimedia.org,
746,Lay Gipps,*****************,lgippskp@thetimes.co.uk,
747,Garrott Vassay,*******************,gvassaykq@w3.org,
748,Merrel Wharrier,****,mwharrierkr@scribd.com,
749,Even Batts,***,ebattsks@squarespace.com,
750,Minne Meale,*****************,mmealekt@google.com.hk,
751,Benetta Domeney,**************,bdomeneyku@pen.io,
752,Alta Camerello,************,acamerellokv@census.gov,
753,Ralph Glasspool,**********,rglasspoolkw@nasa.gov,
754,Antoni Szymonwicz,***,aszymonwiczkx@huffingtonpost.com,
755,Marna Charter,********************,mcharterky@mozilla.org,
756,Mercy Chedzoy,*************,mchedzoykz@wordpress.org,
757,Florinda Elcoate,************,felcoatel0@t.co,
758,Pembroke Cutts,******,pcuttsl1@reverbnation.com,
759,Prudence Feeham,********,pfeehaml2@imageshack.us,
760,Tabbie Maling,****,tmalingl3@bloomberg.com,
761,Bradan Jeffray,******************,bjeffrayl4@springer.com,
762,Web Kolczynski,****************,wkolczynskil5@huffingtonpost.com,
763,Eimile Gannicleff,****,egannicleffl6@wired.com,
764,Alister Ronchi,************,aronchil7@berkeley.edu,
765,Dare Brittin,******,dbrittinl8@umn.edu,
766,Jenica Scruton,*****************,jscrutonl9@bandcamp.com,
767,Margaretta Maffetti,*********,mmaffettila@sun.com,
768,Sybila Blakelock,********,sblakelocklb@whitehouse.gov,
769,Meris Sprasen,********************,msprasenlc@cloudflare.com,
770,Elladine Friary,********,efriaryld@forbes.com,
771,Emmalynn O'Kerin,**************,eokerinle@booking.com,
772,Jaquith McMillan,***************,jmcmillanlf@blog.com,
773,Caressa Coultard,********,ccoultardlg@shareasale.com,
774,Eadith Peterken,******,epeterkenlh@joomla.org,
775,Arda Mackleden,*******,amackledenli@netlog.com,
776,Bernardina Fitzmaurice,**********,bfitzmauricelj@wired.com,
777,Monica Matyushkin,******,mmatyushkinlk@businessweek.com,
778,Ev Gloves,**********,eglovesll@myspace.com,
779,Waylan Ferentz,*******,wferentzlm@sohu.com,
780,Rebeka McKimmey,*******************,rmckimmeyln@va.gov,
781,Wilbur Jaram,*************,wjaramlo@cyberchimps.com,
782,Cully Elsey,********************,celseylp@springer.com,
783,Natale Price,********************,npricelq@sakura.ne.jp,
784,Uta Eskrigge,****,ueskriggelr@themeforest.net,
785,Amalee Bonwick,****,abonwickls@artisteer.com,
786,Brittaney Screeton,********************,bscreetonlt@biglobe.ne.jp,
787,Dulci Arrell,***********,darrelllu@patch.com,
788,Bradly Bossingham,*****************,bbossinghamlv@google.ca,
789,Micky Christauffour,**************,mchristauffourlw@lulu.com,
790,Christy Stevens,*****************,cstevenslx@usa.gov,
791,Cathryn Beenham,********************,cbeenhamly@smugmug.com,
792,Flori Lambin,*******,flambinlz@ustream.tv,
793,Wilmar Byway,******************,wbywaym0@delicious.com,
794,Sonnnie Meriott,********************,smeriottm1@dion.ne.jp,
795,Demetri Halsall,******************,dhalsallm2@ehow.com,
796,Giustino Laybourne,******************,glaybournem3@networkadvertising.org,
797,Edith Milnthorpe,******************,emilnthorpem4@reverbnation.com,
798,Martica Matous,**************,mmatousm5@google.fr,
799,Audi Bowcher,*****,abowcherm6@npr.org,
800,Joyce Batt,************,jbattm7@imageshack.us,
801,Florentia Cunde,******************,fcundem8@canalblog.com,
802,Benedicta Decker,*********,bdeckerm9@blogs.com,
803,Baxy Largan,**************,blarganma@taobao.com,
804,Gaspar Size,***,gsizemb@eepurl.com,
805,Nerte Marke,*********,nmarkemc@blogger.com,
806,Hildy Sallnow,*************,hsallnowmd@unc.edu,
807,Paule Bainton,*****************,pbaintonme@aboutads.info,
808,Nelie Lammertz,********,nlammertzmf@columbia.edu,
809,Shalom Hambers,****************,shambersmg@telegraph.co.uk,
810,Nelle Nellies,************,nnelliesmh@acquirethisname.com,
811,Lewiss Culham,**************,lculhammi@home.pl,
812,Lara Debell,*************,ldebellmj@bing.com,
813,Orelee Brinkman,*****************,obrinkmanmk@wikispaces.com,
814,Emiline Dodman,**********,edodmanml@imageshack.us,
815,Elbertina Castelletto,*******,ecastellettomm@dell.com,
816,Carter Younie,***********,cyouniemn@psu.edu,
817,Mair Fitton,************,mfittonmo@examiner.com,
818,Shayna Bielfelt,*****************,sbielfeltmp@themeforest.net,
819,Raynell Salthouse,*********,rsalthousemq@bizjournals.com,
820,Andres Germaine,****************,agermainemr@google.it,
821,Morse Inkles,****************,minklesms@va.gov,
822,Britni Pallant,******,bpallantmt@artisteer.com,
823,Dunn Fearey,**************,dfeareymu@archive.org,
824,Nevile Pavese,*************,npavesemv@angelfire.com,
825,Caitrin Bramelt,********,cbrameltmw@nih.gov,
826,Gertrudis Pauler,*******************,gpaulermx@google.co.uk,
827,Kenny Blasl,****************,kblaslmy@addtoany.com,
828,Vivie Zanelli,**********,vzanellimz@sbwire.com,
829,Ruprecht Shippam,***************,rshippamn0@ucsd.edu,
830,Emmalee Hicken,************,ehickenn1@pinterest.com,
831,Quintin Alders,********************,qaldersn2@washington.edu,
832,Demetra De Hooge,******************,dden3@desdev.cn,
833,Tierney Thumann,************,tthumannn4@disqus.com,
834,Raul Mercer,*******************,rmercern5@nymag.com,
835,Reginauld Borrill,****,rborrilln6@addthis.com,
836,Morna McLoney,**********,mmcloneyn7@ibm.com,
837,Clarance Kabsch,*******,ckabschn8@upenn.edu,
838,Mikkel Stair,**********,mstairn9@nasa.gov,
839,Susie Haskell,******************,shaskellna@unblog.fr,
840,Tibold Ragdale,***********,tragdalenb@people.com.cn,
841,Jana O' Borne,*******************,jonc@skyrock.com,
842,Ali Netherwood,******,anetherwoodnd@aol.com,
843,Rudyard Mattingley,****,rmattingleyne@nasa.gov,
844,Meade Skeffington,*****************,mskeffingtonnf@shop-pro.jp,
845,Nolie Tother,*************,ntotherng@skype.com,
846,Gerti Darch,*************,gdarchnh@unesco.org,
847,Arleyne Trewett,**************,atrewettni@wordpress.com,
848,Trev Lesslie,*************,tlesslienj@adobe.com,
849,Lorrie Frood,****,lfroodnk@360.cn,
850,Sanford Leavold,******,sleavoldnl@acquirethisname.com,
851,Brnaby Petrolli,*****************,bpetrollinm@goo.ne.jp,
852,Grantham Sowrah,*******************,gsowrahnn@wikipedia.org,
853,Reinaldo Binning,*****************,rbinningno@yelp.com,
854,Lissie Fardoe,****************,lfardoenp@chron.com,
855,Alejandrina Leser,************,alesernq@unc.edu,
856,Darleen Kirrage,*****,dkirragenr@alibaba.com,
857,Opal Libbis,*******************,olibbisns@google.com,
858,Ev Flieg,******************,efliegnt@java.com,
859,Welsh Baseke,***,wbasekenu@blog.com,
860,Farleigh Pineaux,****************,fpineauxnv@chronoengine.com,
861,Rodolph Farreil,*******************,rfarreilnw@xinhuanet.com,
862,Gill Sibbering,***************,gsibberingnx@prlog.org,
863,Georgy Coen,*************,gcoenny@nymag.com,
864,Robert Murricanes,**************,rmurricanesnz@ucla.edu,
865,Warren Humpherson,********************,whumphersono0@businessweek.com,
866,Lynette Gascar,***********,lgascaro1@va.gov,
867,Nickola Dowty,*******,ndowtyo2@cargocollective.com,
868,Sally Sanderson,****************,ssandersono3@hp.com,
869,Joana Lean,*****************,jleano4@icq.com,
870,Inger Partner,**************,ipartnero5@drupal.org,
871,Florie Croson,******************,fcrosono6@exblog.jp,
872,Gussie Moncur,************,gmoncuro7@hubpages.com,
873,Hersh Bunkle,********,hbunkleo8@networkadvertising.org,
874,Tammy Nussgen,*********,tnussgeno9@illinois.edu,
875,Patin Paddick,******************,ppaddickoa@sohu.com,
876,Ezra Kollatsch,***,ekollatschob@meetup.com,
877,Kermie Threlkeld,*******************,kthrelkeldoc@fc2.com,
878,Ronnica McKew,********************,rmckewod@com.com,
879,Gan Onians,**********,goniansoe@dailymail.co.uk,
880,Nettle Fearnall,****************,nfearnallof@bbc.co.uk,
881,Clem Newbatt,**********,cnewbattog@abc.net.au,
882,Gigi Malenfant,***********,gmalenfantoh@hc360.com,
883,Pierre Plumstead,****************,pplumsteadoi@salon.com,
884,Stanfield Penelli,*****************,spenellioj@newyorker.com,
885,Nissa Castagnasso,*******************,ncastagnassook@liveinternet.ru,
886,Jennica Kingsly,*****************,jkingslyol@cdbaby.com,
887,Reade Gilvary,**********,rgilvaryom@gmpg.org,
888,Ainslie Rosterne,****************,arosterneon@paginegialle.it,
889,Joann Clabburn,********,jclabburnoo@paginegialle.it,
890,Terencio Cansfield,*****************,tcansfieldop@mlb.com,
891,Hubey Chattock,*************,hchattockoq@oracle.com,
892,Elinor Stancer,********,estanceror@noaa.gov,
893,Pascal Martellini,***********,pmartellinios@webnode.com,
894,Walliw Laingmaid,**********,wlaingmaidot@ocn.ne.jp,
895,Urbanus Kenwyn,*****,ukenwynou@bigcartel.com,
896,Pegeen Suter,*******,psuterov@indiatimes.com,
897,Amalle Stanesby,**************,astanesbyow@webs.com,
898,Bunnie Swadlin,******,bswadlinox@senate.gov,
899,Ichabod Kunzler,*******************,ikunzleroy@nationalgeographic.com,
900,Margaux Scalera,************,mscaleraoz@google.cn,
901,Paloma Odams,***,podamsp0@jalbum.net,
902,Ariella Rohloff,*********,arohloffp1@xinhuanet.com,
903,Giacinta Miklem,*************,gmiklemp2@icio.us,
904,Lila Camber,*************,lcamberp3@usda.gov,
905,Lizzy Ayre,**************,layrep4@seattletimes.com,
906,Rosabella holmes,**********,rholmesp5@w3.org,
907,Tallie Squirrell,********,tsquirrellp6@arstechnica.com,
908,Martyn Billinge,********,mbillingep7@cocolog-nifty.com,
909,Karney Cullington,**********,kcullingtonp8@bluehost.com,
910,Pamelina d'Escoffier,*************,pdescoffierp9@oracle.com,
911,Adrianna Cicconetti,******************,acicconettipa@soundcloud.com,
912,Ramon Stanmer,********************,rstanmerpb@fotki.com,
913,Nara McRannell,********,nmcrannellpc@edublogs.org,
914,Shane Rosenbush,*****************,srosenbushpd@abc.net.au,
915,Drusilla Cremins,*************,dcreminspe@kickstarter.com,
916,Bayard Trembey,***********,btrembeypf@paypal.com,
917,Marchelle Masters,***,mmasterspg@redcross.org,
918,Sheffie De Ruggiero,********,sdeph@shareasale.com,
919,Donavon Shrimptone,********************,dshrimptonepi@stumbleupon.com,
920,Barty Juste,******************,bjustepj@sohu.com,
921,Aubrey Haquin,***************,ahaquinpk@mayoclinic.com,
922,Sherilyn Parkeson,************,sparkesonpl@phoca.cz,
923,Merrick Cominotti,********,mcominottipm@rambler.ru,
924,Sabina Jessope,********************,sjessopepn@jugem.jp,
925,Kenn Brenard,**********,kbrenardpo@edublogs.org,
926,Beitris Manis,********,bmanispp@cafepress.com,
927,Fabiano Gronaver,*******,fgronaverpq@sogou.com,
928,Julian Vannet,*****,jvannetpr@soup.io,
929,Violetta Wellstood,******,vwellstoodps@wsj.com,
930,D'arcy Stothart,*********,dstothartpt@taobao.com,
931,Gretna Janusik,*************,gjanusikpu@cbslocal.com,
932,Dara Wither,*****************,dwitherpv@cloudflare.com,
933,Isidore Kloster,**********,iklosterpw@usda.gov,
934,Richie Kineton,********,rkinetonpx@soup.io,
935,Cynde Woolvin,***,cwoolvinpy@people.com.cn,
936,Fleur Andreassen,*********,fandreassenpz@hatena.ne.jp,
937,Olin Zorn,*********,ozornq0@reference.com,
938,Kris Haseman,********,khasemanq1@cbsnews.com,
939,Xever Jowsey,*************,xjowseyq2@jalbum.net,
940,Tori Beminster,********,tbeminsterq3@forbes.com,
941,Bartholomeo Branthwaite,***********,bbranthwaiteq4@house.gov,
942,Laural Petrovic,********************,lpetrovicq5@state.gov,
943,Merle Rodolf,*****,mrodolfq6@prweb.com,
944,Nelia Dyzart,*******,ndyzartq7@thetimes.co.uk,
945,Rachael Grenville,****,rgrenvilleq8@shinystat.com,
946,Britt Doche,***,bdocheq9@aboutads.info,
947,Jerrine Tingey,*****************,jtingeyqa@examiner.com,
948,Wileen Arlt,************,warltqb@examiner.com,
949,Avram Hurndall,******,ahurndallqc@livejournal.com,
950,Jasmin Crompton,******,jcromptonqd@t-online.de,
951,Teodoor Bonnyson,*******,tbonnysonqe@fda.gov,
952,Inez Jewes,*******,ijewesqf@free.fr,
953,Gusti Amott,************,gamottqg@google.de,
954,Trip Bernhard,**************,tbernhardqh@sciencedaily.com,
955,Culver Oggers,****,coggersqi@jimdo.com,
956,Yvonne Pashby,***************,ypashbyqj@4shared.com,
957,Gerhard Gibbins,********************,ggibbinsqk@marketwatch.com,
958,Courtney Deveral,***************,cdeveralql@princeton.edu,
959,Gun Witts,********************,gwittsqm@theguardian.com,
960,Bobine Meredyth,******,bmeredythqn@delicious.com,
961,Trude Hovell,*********,thovellqo@edublogs.org,
962,Kalila Maith,***********,kmaithqp@deliciousdays.com,
963,Neal Trengrove,*********,ntrengroveqq@thetimes.co.uk,
964,Kathe Lamball,***,klamballqr@taobao.com,
965,Fax Lago,****************,flagoqs@pagesperso-orange.fr,
966,Evvie Robertson,***********,erobertsonqt@cbsnews.com,
967,Nicky Tupman,****,ntupmanqu@addthis.com,
968,Garold Uzielli,***********,guzielliqv@fema.gov,
969,Georgie Jolliman,********************,gjollimanqw@google.com.br,
970,Dru Coot,******,dcootqx@smh.com.au,
971,Crosby Cockran,*******,ccockranqy@ft.com,
972,Daphna Fluck,***************,dfluckqz@ucsd.edu,
973,Shirley Benard,****************,sbenardr0@com.com,
974,Kristine Gudeman,**************,kgudemanr1@freewebs.com,
975,Halsy Powling,******************,hpowlingr2@photobucket.com,
976,Ekaterina Filgate,**************,efilgater3@pen.io,
977,Broderick Lerer,********************,blererr4@51.la,
978,Romy Rolf,****,rrolfr5@slate.com,
979,Brnaby Gentsch,********************,bgentschr6@ucoz.com,
980,Russ Androletti,***,randrolettir7@wsj.com,
981,Prentice Albrooke,*************,palbrooker8@oakley.com,
982,Mercy Regorz,****,mregorzr9@apache.org,
983,Letizia Peasey,*****************,lpeaseyra@microsoft.com,
984,Aldric Stenet,*****************,astenetrb@hhs.gov,
985,Lawton Dosedale,****************,ldosedalerc@example.com,
986,Lilli Redier,*****,lredierrd@biglobe.ne.jp,
987,Paul Aberkirdo,******************,paberkirdore@sphinn.com,
988,Erskine Necrews,********,enecrewsrf@cloudflare.com,
989,Romeo Philpott,***********,rphilpottrg@engadget.com,
990,Dani Rysom,*******,drysomrh@mlb.com,
991,Sasha Longmate,********,slongmateri@accuweather.com,
992,Lindsey Alan,**********,lalanrj@exblog.jp,
993,Aida Collens,***************,acollensrk@mozilla.org,
994,Hildegarde Ilyasov,**********,hilyasovrl@cpanel.net,
995,Ulick Canto,*******,ucantorm@issuu.com,
996,Trueman Bulfit,************,tbulfitrn@squidoo.com,
997,Hakeem Pratton,**************,hprattonro@boston.com,
998,Cam McShirrie,*************,cmcshirrierp@moonfruit.com,
999,Reina Backsal,******,rbacksalrq@woothemes.com,
1000,Reinald Bragginton,******************,rbraggintonrr@oracle.com,
