user_id,first_name,last_name,pswd
1,Conni,Sinkin,1122aabb
2,Clay,Goodanew,1122aabb
3,Seline,Da Costa,1122aabb
4,Augusto,Hickinbottom,1122aabb
5,Mile,Watchorn,1122aabb
6,Sianna,Meighan,1122aabb
7,Kala,Morena,1122aabb
8,Pauline,Macer,1122aabb
9,Alexio,Screas,1122aabb
10,Dane,Udale,1122aabb
11,Phillida,Aviss,1122aabb
12,Meryl,Housiaux,1122aabb
13,Aileen,Constance,1122aabb
14,Emeline,Causbey,1122aabb
15,Babita,Love,1122aabb
16,Rowney,McNulty,1122aabb
17,Tessy,Chater,1122aabb
18,Dame,Kenn,1122aabb
19,Caprice,Tomankiewicz,1122aabb
20,Tammy,Tompkin,1122aabb
21,Bonnibelle,Gillio,1122aabb
22,Jean,Bartul,1122aabb
23,Derrek,Maughan,1122aabb
24,Mirilla,Garbott,1122aabb
25,Gilbertine,Joao,1122aabb
26,Stevy,MacKintosh,1122aabb
27,Florie,Loney,1122aabb
28,Tann,Foden,1122aabb
29,Tuesday,Marcome,1122aabb
30,Jerrie,Gow,1122aabb
31,Galven,Iskow,1122aabb
32,Ezequiel,Lefwich,1122aabb
33,Angel,Crudge,1122aabb
34,Dolorita,Stroder,1122aabb
35,Silas,Jaszczak,1122aabb
36,Isidoro,Valentinetti,1122aabb
37,Kathleen,Comini,1122aabb
38,Randell,Luparto,1122aabb
39,Evan,Hiley,1122aabb
40,Tracy,Goulter,1122aabb
41,Berton,Mulqueen,1122aabb
42,Helenka,Lorraway,1122aabb
43,Blair,Gylle,1122aabb
44,Lynett,Tesauro,1122aabb
45,Hagen,Fawbert,1122aabb
46,Lebbie,Noddle,1122aabb
47,Amil,Willatts,1122aabb
48,Mort,Lindman,1122aabb
49,Emogene,Shilito,1122aabb
50,Guthry,Hatch,1122aabb
51,Alisander,Jakeman,1122aabb
52,Les,Akram,1122aabb
53,Orsola,Hallums,1122aabb
54,Jonis,Uttridge,1122aabb
55,Goldia,Sheridan,1122aabb
56,Raine,Glen,1122aabb
57,Glynis,Cornilli,1122aabb
58,Morty,MacMichael,1122aabb
59,Oliviero,Lasseter,1122aabb
60,Brody,Filippozzi,1122aabb
61,Ashlee,Symcox,1122aabb
62,Darryl,Eakley,1122aabb
63,Marylin,Ploughwright,1122aabb
64,Sonny,Reynish,1122aabb
65,Marybelle,Joselin,1122aabb
66,Ruth,Chaves,1122aabb
67,Delilah,Hodgins,1122aabb
68,Christin,Dust,1122aabb
69,Howey,Tipper,1122aabb
70,Cherie,Smurfit,1122aabb
71,Hadley,Normanton,1122aabb
72,Cyrus,Atty,1122aabb
73,Ignace,Snalum,1122aabb
74,Bambie,Husset,1122aabb
75,Natale,Norrington,1122aabb
76,Davie,Toye,1122aabb
77,Ferd,Scimoni,1122aabb
78,Katina,Tompkiss,1122aabb
79,Dyan,Evason,1122aabb
80,Melli,Broadey,1122aabb
81,Rosamund,Merriday,1122aabb
82,Darbie,Coppeard,1122aabb
83,El,Arpin,1122aabb
84,Lindsay,Juckes,1122aabb
85,Carita,Solano,1122aabb
86,Valene,Matousek,1122aabb
87,Meris,Borgne,1122aabb
88,Eddie,Hammersley,1122aabb
89,Hildagard,Tohill,1122aabb
90,Tedie,Rolfe,1122aabb
91,Kelvin,Dobbins,1122aabb
92,Laurianne,Andryushin,1122aabb
93,Adrea,Espy,1122aabb
94,Avie,Boone,1122aabb
95,Roddie,Lanchester,1122aabb
96,Dill,Murty,1122aabb
97,Thekla,Lemmanbie,1122aabb
98,Eolande,Creser,1122aabb
99,Cynthea,Pollok,1122aabb
100,Stacey,Hansley,1122aabb
101,Emmye,Clair,1122aabb
102,Johnathon,Giacubbo,1122aabb
103,Kevan,Callinan,1122aabb
104,Rodie,Flude,1122aabb
105,Damiano,Jerche,1122aabb
106,Coretta,Bettlestone,1122aabb
107,Gibby,Turfitt,1122aabb
108,Hanna,Tournay,1122aabb
109,Jeannine,Freckingham,1122aabb
110,Aeriell,Fassmann,1122aabb
111,Savina,Tinkler,1122aabb
112,Fredrick,Powling,1122aabb
113,Howard,MacRirie,1122aabb
114,Merl,Flint,1122aabb
115,Demetre,Courson,1122aabb
116,Flor,Corzor,1122aabb
117,Kirbie,Jecock,1122aabb
118,Barr,Kubatsch,1122aabb
119,Estelle,Roget,1122aabb
120,Ive,Devonald,1122aabb
121,Tammy,Burn,1122aabb
122,Johnathon,Dincey,1122aabb
123,Ericha,Polin,1122aabb
124,Audi,Pendell,1122aabb
125,Latisha,Smallcombe,1122aabb
126,Aleda,Curless,1122aabb
127,Ara,Pollington,1122aabb
128,Andeee,Rowesby,1122aabb
129,Jack,Wotherspoon,1122aabb
130,Basilio,Edeler,1122aabb
131,Emery,Spink,1122aabb
132,Minnaminnie,Thurnham,1122aabb
133,Philis,Kenen,1122aabb
134,Drugi,Lithcow,1122aabb
135,Orren,Ponder,1122aabb
136,Zollie,Gawn,1122aabb
137,Elden,Kemell,1122aabb
138,Kali,McMullen,1122aabb
139,Brendis,Lesek,1122aabb
140,Lucille,Delahunty,1122aabb
141,Lavina,McGeaney,1122aabb
142,Moshe,Ferrarello,1122aabb
143,Harlin,Collett,1122aabb
144,Kingston,Morphet,1122aabb
145,Troy,Tracey,1122aabb
146,Kris,Petrecz,1122aabb
147,Lorant,Deex,1122aabb
148,Edi,Scorer,1122aabb
149,Iorgos,Crake,1122aabb
150,Mattheus,Leatt,1122aabb
151,Rhianon,Danett,1122aabb
152,Berta,Berfoot,1122aabb
153,Cliff,Tresler,1122aabb
154,Gaspard,Costard,1122aabb
155,Auria,Bagot,1122aabb
156,Winnah,De Ath,1122aabb
157,Ebeneser,Lemary,1122aabb
158,Leanora,Daw,1122aabb
159,Jarrod,Carlone,1122aabb
160,Netti,Durgan,1122aabb
161,Bel,Britten,1122aabb
162,Filip,Ganning,1122aabb
163,Abey,Pampling,1122aabb
164,Leola,Joyce,1122aabb
165,Cal,Calverd,1122aabb
166,Hallsy,MacParland,1122aabb
167,Glyn,De la croix,1122aabb
168,Cahra,Summerhayes,1122aabb
169,Jeri,Raymen,1122aabb
170,Livvy,Standrin,1122aabb
171,Asia,Tatlowe,1122aabb
172,Marcello,Lovering,1122aabb
173,Loleta,Bend,1122aabb
174,Kayley,Forestall,1122aabb
175,Tonia,Byres,1122aabb
176,Rad,Founds,1122aabb
177,Pearla,Habard,1122aabb
178,Herbert,Le Marchand,1122aabb
179,Heall,Raatz,1122aabb
180,Dolli,Goldsmith,1122aabb
181,Eddie,Velten,1122aabb
182,Fiann,Whitwood,1122aabb
183,Brennan,Conant,1122aabb
184,Sheelah,Dinkin,1122aabb
185,Magda,Leipoldt,1122aabb
186,Chad,Queyos,1122aabb
187,Elinore,Boobyer,1122aabb
188,Gasparo,Bales,1122aabb
189,Sher,Izkovici,1122aabb
190,Rosita,Carlet,1122aabb
191,Alex,Eisig,1122aabb
192,Morty,Ellor,1122aabb
193,Bourke,Normavill,1122aabb
194,Merci,Staton,1122aabb
195,Van,Sweatland,1122aabb
196,Aline,Pabel,1122aabb
197,Phyllida,Grubb,1122aabb
198,Niles,Hevey,1122aabb
199,Cristy,Snoddin,1122aabb
200,Katee,Solloway,1122aabb
201,Roze,Winwood,3344ccdd
202,Caspar,Ellwood,3344ccdd
203,Damaris,Stenyng,3344ccdd
204,Corbie,Moniker,3344ccdd
205,Bryna,Pleat,3344ccdd
206,Hurley,Hutable,3344ccdd
207,Gerhard,Munton,3344ccdd
208,Curt,Collin,3344ccdd
209,Andonis,Kilborn,3344ccdd
210,Cornelia,Pimlock,3344ccdd
211,Sena,Zannetti,3344ccdd
212,Grethel,Van de Velde,3344ccdd
213,Lorena,Feek,3344ccdd
214,Stefania,Hunton,3344ccdd
215,Peder,Twitchett,3344ccdd
216,Kial,Novic,3344ccdd
217,Tomasine,Naulls,3344ccdd
218,Johann,Ackerman,3344ccdd
219,Karla,Mansel,3344ccdd
220,Michel,Rikel,3344ccdd
221,Isabelita,Schuchmacher,3344ccdd
222,Obie,MacBain,3344ccdd
223,Meggie,Thredder,3344ccdd
224,Gipsy,Skingley,3344ccdd
225,Arleyne,Blencowe,3344ccdd
226,Devi,Arthurs,3344ccdd
227,Bettina,Shearman,3344ccdd
228,Tam,Pfeffel,3344ccdd
229,Sarine,Fitter,3344ccdd
230,Cinnamon,Woofendell,3344ccdd
231,Flossie,Carthew,3344ccdd
232,Bevin,Upton,3344ccdd
233,Eldin,Mechem,3344ccdd
234,Melissa,Gall,3344ccdd
235,Cole,Grestie,3344ccdd
236,Wait,Lashford,3344ccdd
237,Meggie,Feldbaum,3344ccdd
238,Deanna,Rohlfing,3344ccdd
239,Conni,Dalston,3344ccdd
240,Reagan,Petett,3344ccdd
241,Ambrosio,Buxam,3344ccdd
242,Floris,Huggan,3344ccdd
243,Daryle,Passie,3344ccdd
244,Stu,Cattach,3344ccdd
245,Rhodie,Riddel,3344ccdd
246,Karel,Studholme,3344ccdd
247,Carlin,Freyn,3344ccdd
248,Carolyne,Wardesworth,3344ccdd
249,Paolina,Bayne,3344ccdd
250,Alano,Newell,3344ccdd
251,Tomasine,Wynett,3344ccdd
252,Bond,Sherston,3344ccdd
253,Fredrick,Potkin,3344ccdd
254,Indira,Abelwhite,3344ccdd
255,Dina,Dunthorne,3344ccdd
256,Kori,Rickasse,3344ccdd
257,Raeann,Leindecker,3344ccdd
258,Garwood,McCaskill,3344ccdd
259,Carver,Raulston,3344ccdd
260,Florinda,Broster,3344ccdd
261,Natassia,Tregien,3344ccdd
262,Jodi,Blade,3344ccdd
263,Dolph,Twinborough,3344ccdd
264,Stan,Gough,3344ccdd
265,Hermy,Lionel,3344ccdd
266,Paco,Scatchar,3344ccdd
267,Erie,Maund,3344ccdd
268,Trude,Lasselle,3344ccdd
269,Viva,Jodrellec,3344ccdd
270,Marnie,Commins,3344ccdd
271,Rozanna,Bugdall,3344ccdd
272,Granny,Tollerton,3344ccdd
273,Hiram,Gosse,3344ccdd
274,Doyle,Trott,3344ccdd
275,Haskell,Kelledy,3344ccdd
276,Emma,Dunniom,3344ccdd
277,Harman,Tirkin,3344ccdd
278,Gregoire,Doll,3344ccdd
279,Gabriellia,Masson,3344ccdd
280,Alley,Lafont,3344ccdd
281,Hollie,Brien,3344ccdd
282,Bliss,de Voiels,3344ccdd
283,Ephrem,Sturges,3344ccdd
284,Tori,Sabine,3344ccdd
285,Trumaine,Lyburn,3344ccdd
286,Gisela,Stubbins,3344ccdd
287,Jaquenetta,Wadmore,3344ccdd
288,Loree,Crown,3344ccdd
289,Brunhilde,Van Der Vlies,3344ccdd
290,Rand,Pinkie,3344ccdd
291,Dar,Redler,3344ccdd
292,Paule,Chamney,3344ccdd
293,Gina,Thunders,3344ccdd
294,Nicoline,Danovich,3344ccdd
295,Giorgi,Tollfree,3344ccdd
296,Edvard,Whitland,3344ccdd
297,Palmer,Zavattari,3344ccdd
298,Filip,Wendover,3344ccdd
299,Bondie,Askell,3344ccdd
300,Silas,Wynrehame,3344ccdd
301,Parke,Libby,3344ccdd
302,Erich,Ruckert,3344ccdd
303,Clare,Perryman,3344ccdd
304,Franzen,Kropp,3344ccdd
305,Fonzie,Fantin,3344ccdd
306,Antin,Ivannikov,3344ccdd
307,Anastasia,Canaan,3344ccdd
308,Dasya,Brand,3344ccdd
309,Mariam,Martine,3344ccdd
310,Denver,Goodship,3344ccdd
311,Craig,Delgaty,3344ccdd
312,Jamie,Petrelli,3344ccdd
313,Bennie,Widger,3344ccdd
314,Kermie,Sander,3344ccdd
315,Georas,Lecordier,3344ccdd
316,Gena,Barosch,3344ccdd
317,Tedmund,Chadbourne,3344ccdd
318,Gretta,Silverman,3344ccdd
319,Candida,Elderton,3344ccdd
320,Jerry,Jouen,3344ccdd
321,Graeme,Baudesson,3344ccdd
322,Eleen,Dongall,3344ccdd
323,Leonore,Rawlison,3344ccdd
324,Caitlin,Doerling,3344ccdd
325,Ralph,McCrie,3344ccdd
326,Jarred,Worvill,3344ccdd
327,Kingston,Fost,3344ccdd
328,Mandel,Danilenko,3344ccdd
329,Tannie,Bundock,3344ccdd
330,Riobard,Goodbarne,3344ccdd
331,Aliza,Dangerfield,3344ccdd
332,Allayne,Fennell,3344ccdd
333,Chery,Huet,3344ccdd
334,Casey,Ambroisin,3344ccdd
335,Betsey,Portman,3344ccdd
336,Harriott,Riggott,3344ccdd
337,Cortie,De Dantesie,3344ccdd
338,Bridgette,Croll,3344ccdd
339,Mariska,Ibbitson,3344ccdd
340,Giralda,Van Rembrandt,3344ccdd
341,Bernie,Heading,3344ccdd
342,Dell,Woodruff,3344ccdd
343,Lelia,Gatcliff,3344ccdd
344,Magda,Fitzroy,3344ccdd
345,Gale,Southcoat,3344ccdd
346,Karine,Buckberry,3344ccdd
347,Darb,Garrioch,3344ccdd
348,Vance,Salan,3344ccdd
349,Emory,McMenamie,3344ccdd
350,Gregoor,Hebdon,3344ccdd
351,Barbra,Polye,3344ccdd
352,Karina,Lafee,3344ccdd
353,Florence,Aubery,3344ccdd
354,Athene,Cozby,3344ccdd
355,Laughton,Matignon,3344ccdd
356,Anabelle,Austin,3344ccdd
357,Adolph,Caberas,3344ccdd
358,Sherman,Mahoney,3344ccdd
359,Phaidra,Minichillo,3344ccdd
360,Dorice,Goburn,3344ccdd
361,Gabbey,Goad,3344ccdd
362,Karin,Morland,3344ccdd
363,Demetre,Hayller,3344ccdd
364,Nathalia,Caslane,3344ccdd
365,Lorrayne,Hazzard,3344ccdd
366,Lira,Dumbelton,3344ccdd
367,Lucina,Dinneges,3344ccdd
368,Piggy,Durak,3344ccdd
369,Edward,Janczewski,3344ccdd
370,Katalin,Jacquemet,3344ccdd
371,Feliks,Sheran,3344ccdd
372,Agustin,Fitzmaurice,3344ccdd
373,Linn,Wisdish,3344ccdd
374,Persis,Thunnercliffe,3344ccdd
375,Roxie,Crafts,3344ccdd
376,Judd,Warmisham,3344ccdd
377,Julie,Andersson,3344ccdd
378,Jeni,Thews,3344ccdd
379,Levin,Jankovsky,3344ccdd
380,Margit,Campsall,3344ccdd
381,Elva,Toffaloni,3344ccdd
382,Lynnelle,Mapledoore,3344ccdd
383,Rourke,McGookin,3344ccdd
384,Leonhard,Heustice,3344ccdd
385,Bernetta,Worsnup,3344ccdd
386,Uta,Lobb,3344ccdd
387,Ethelbert,Yapp,3344ccdd
388,Greggory,Durtnel,3344ccdd
389,Saw,Gonnard,3344ccdd
390,Gery,Sapsford,3344ccdd
391,Georgeanne,Jecks,3344ccdd
392,Bartel,McIlmorow,3344ccdd
393,Templeton,Ravenhill,3344ccdd
394,Sascha,Mackley,3344ccdd
395,Keary,Farington,3344ccdd
396,Wade,Winson,3344ccdd
397,Obidiah,Fourman,3344ccdd
398,Randolph,Molder,3344ccdd
399,Jonie,Wardingly,3344ccdd
400,Jarrod,Rubinov,3344ccdd
401,Felita,Lawn,5566eeff
402,Delilah,Vigietti,5566eeff
403,Miguel,Romayne,5566eeff
404,Everett,Sheppey,5566eeff
405,Padraig,Drewitt,5566eeff
406,Guinna,Rawkesby,5566eeff
407,Karlee,Faragan,5566eeff
408,Rudy,Furmagier,5566eeff
409,Cristy,Osbidston,5566eeff
410,Dalston,O'Regan,5566eeff
411,Pavel,Wisker,5566eeff
412,Abner,Scargill,5566eeff
413,Nicoli,Sawl,5566eeff
414,Bendick,Askey,5566eeff
415,Cristen,McCobb,5566eeff
416,Alie,Ramsdell,5566eeff
417,Hillery,Sollom,5566eeff
418,Finn,Barck,5566eeff
419,Kathrine,Sporle,5566eeff
420,Torrance,Gredden,5566eeff
421,Lisha,Larn,5566eeff
422,Agnes,Hillburn,5566eeff
423,Sammy,Duckett,5566eeff
424,Maxy,Swetenham,5566eeff
425,Shamus,Vassar,5566eeff
426,Vincenz,Hugill,5566eeff
427,Andres,MacKinnon,5566eeff
428,Rozelle,Edelston,5566eeff
429,Amelie,Prettyjohn,5566eeff
430,Dina,Pember,5566eeff
431,Enid,Capron,5566eeff
432,Elayne,Padilla,5566eeff
433,Ilsa,Salvin,5566eeff
434,Livy,Foltin,5566eeff
435,Pincas,Jemison,5566eeff
436,Erik,Giottini,5566eeff
437,Antonina,Swanbourne,5566eeff
438,Howard,Feldmann,5566eeff
439,Garv,Cardo,5566eeff
440,Dollie,Martellini,5566eeff
441,Freida,Josum,5566eeff
442,Dalton,Ilyushkin,5566eeff
443,Iosep,Bloy,5566eeff
444,Michaela,Petrello,5566eeff
445,Paquito,Marsy,5566eeff
446,Elnora,Heams,5566eeff
447,Carmina,Relf,5566eeff
448,Camile,Jochens,5566eeff
449,Dewie,Loach,5566eeff
450,Torin,Dickerson,5566eeff
451,Arlin,Chilvers,5566eeff
452,Norris,Mawditt,5566eeff
453,Dulcine,Coveley,5566eeff
454,Sherlock,Sheals,5566eeff
455,Jaquelyn,Arnaudet,5566eeff
456,Adorne,Skamell,5566eeff
457,Dori,Whyborne,5566eeff
458,Aguie,Pancast,5566eeff
459,Dominique,Erdely,5566eeff
460,Dal,Esilmon,5566eeff
461,Tersina,Horley,5566eeff
462,Leda,Dew,5566eeff
463,Jojo,Kent,5566eeff
464,Kalil,Danelutti,5566eeff
465,Brnaba,Streat,5566eeff
466,Kath,Stonbridge,5566eeff
467,Graham,Smallridge,5566eeff
468,Manya,Congdon,5566eeff
469,Roderich,Suero,5566eeff
470,Karolina,Blackborne,5566eeff
471,Griffith,Lorroway,5566eeff
472,Felipe,Perrygo,5566eeff
473,Michell,Caudwell,5566eeff
474,Catlee,Yushmanov,5566eeff
475,Lin,Meiklam,5566eeff
476,Ariana,Leither,5566eeff
477,Mimi,Flacke,5566eeff
478,Gherardo,Goulden,5566eeff
479,Dorthy,Scini,5566eeff
480,Nancee,Bambrick,5566eeff
481,Milly,Burbudge,5566eeff
482,Tremain,Priest,5566eeff
483,Zondra,Wordley,5566eeff
484,York,Edworthye,5566eeff
485,Enrica,Skarr,5566eeff
486,Grazia,Stearndale,5566eeff
487,Jerrine,Brinicombe,5566eeff
488,Laureen,Trahear,5566eeff
489,Babs,Dismore,5566eeff
490,Bethany,Mustin,5566eeff
491,Sharona,Blease,5566eeff
492,Spencer,Debling,5566eeff
493,Stanly,Bircher,5566eeff
494,Shirleen,Lincke,5566eeff
495,Galen,Dearman,5566eeff
496,Nona,Dockray,5566eeff
497,Petey,Hakonsson,5566eeff
498,Darrel,Eyden,5566eeff
499,Kacy,Bloxholm,5566eeff
500,Elwyn,Pursey,5566eeff
501,Hestia,Burgess,5566eeff
502,Adler,Munton,5566eeff
503,Tommy,Bonder,5566eeff
504,Prentiss,Karolyi,5566eeff
505,Garvey,Sipson,5566eeff
506,Kimberly,Abbots,5566eeff
507,Manda,De Michetti,5566eeff
508,Rosabella,Hartfield,5566eeff
509,Josi,Kauschke,5566eeff
510,Traver,Heath,5566eeff
511,Fran,Newnham,5566eeff
512,Art,McKeaveney,5566eeff
513,Merl,Romayne,5566eeff
514,Elise,Keatley,5566eeff
515,Ettore,Rubinivitz,5566eeff
516,Myranda,Dighton,5566eeff
517,Jacquette,Dondon,5566eeff
518,Benyamin,Dmiterko,5566eeff
519,Lark,Steventon,5566eeff
520,Ritchie,Paniman,5566eeff
521,Hubie,Christy,5566eeff
522,Joseito,Twigg,5566eeff
523,Arley,Berkeley,5566eeff
524,Lizette,Eneas,5566eeff
525,Meredith,Slora,5566eeff
526,Christyna,Cann,5566eeff
527,Dulsea,McMurty,5566eeff
528,Jerry,Willeman,5566eeff
529,Benny,Paviour,5566eeff
530,Herc,Paskin,5566eeff
531,Sylvia,Brosetti,5566eeff
532,Felipa,Coppins,5566eeff
533,Boycey,Waddie,5566eeff
534,Woodrow,Humble,5566eeff
535,Clementina,Buse,5566eeff
536,Guenna,St. Quentin,5566eeff
537,Gloriane,Jorgesen,5566eeff
538,Andie,Borthwick,5566eeff
539,Philly,Vasilik,5566eeff
540,Cherice,Plaide,5566eeff
541,Nissa,Densumbe,5566eeff
542,Waiter,Woodier,5566eeff
543,Ursulina,Meekings,5566eeff
544,Boycie,Shorrock,5566eeff
545,Sigvard,Ganny,5566eeff
546,Shane,Wincom,5566eeff
547,Kenon,Yukhnini,5566eeff
548,Sarita,De Pero,5566eeff
549,Jacquelyn,Piddlesden,5566eeff
550,Damaris,Harsnep,5566eeff
551,Buckie,Peller,5566eeff
552,Donalt,Oakley,5566eeff
553,Valentino,Bucky,5566eeff
554,Mathias,Buret,5566eeff
555,Matteo,Lowseley,5566eeff
556,Lilian,Gilogly,5566eeff
557,Klement,Sparrowe,5566eeff
558,Marlo,Erwin,5566eeff
559,Ashleigh,Tedstone,5566eeff
560,Helen,Grishakov,5566eeff
561,Yvor,Broster,5566eeff
562,Solomon,Fosher,5566eeff
563,Monika,Cowx,5566eeff
564,Lucille,McShee,5566eeff
565,Adria,Kivelle,5566eeff
566,Nancy,Crenage,5566eeff
567,Cornall,Gallahue,5566eeff
568,Boigie,Asher,5566eeff
569,Claire,Kubicka,5566eeff
570,Charlotte,Hunton,5566eeff
571,Luciana,Morsom,5566eeff
572,Marten,Huortic,5566eeff
573,Hamlin,Frusher,5566eeff
574,Jeana,Marsters,5566eeff
575,Allen,Eaden,5566eeff
576,Conni,Belhome,5566eeff
577,Crichton,Loughrey,5566eeff
578,Norean,Warden,5566eeff
579,Catarina,Rawll,5566eeff
580,Matelda,Braga,5566eeff
581,Nevin,Warman,5566eeff
582,Krystalle,Lumsden,5566eeff
583,Martin,Cowlin,5566eeff
584,Georgie,Boorman,5566eeff
585,Hayward,Ondricek,5566eeff
586,Zebulon,Reisen,5566eeff
587,Kiley,Kraft,5566eeff
588,Abigale,Blune,5566eeff
589,Breanne,Driver,5566eeff
590,Aylmer,Pittet,5566eeff
591,Kennedy,Glavis,5566eeff
592,Perla,Rodenborch,5566eeff
593,Piggy,Shapero,5566eeff
594,Sasha,Korejs,5566eeff
595,Melisenda,Wegener,5566eeff
596,Griffith,Brogioni,5566eeff
597,Carr,Duley,5566eeff
598,Fanya,Bains,5566eeff
599,Adorne,Messer,5566eeff
600,Rogerio,O'Cassidy,5566eeff
601,Rosabelle,Chicchelli,7788gghh
602,Guinna,Elvish,7788gghh
603,Maximo,Grinikhin,7788gghh
604,Quentin,Gooly,7788gghh
605,Fax,Vanyushin,7788gghh
606,Brannon,Blanchette,7788gghh
607,Ciel,Pash,7788gghh
608,Cherilynn,Gippes,7788gghh
609,Allis,Hearnah,7788gghh
610,Abran,Duffie,7788gghh
611,Rahal,Houson,7788gghh
612,Dexter,Woliter,7788gghh
613,Amanda,Kensett,7788gghh
614,Sallie,Di Ruggero,7788gghh
615,Brande,Fairchild,7788gghh
616,Kenny,Tims,7788gghh
617,Sigvard,Bateup,7788gghh
618,Konstantin,Flicker,7788gghh
619,Edin,Gascoigne,7788gghh
620,Aluino,Cholonin,7788gghh
621,Devinne,Beverage,7788gghh
622,Temp,Huckin,7788gghh
623,Salvador,Ygo,7788gghh
624,Charin,Spencer,7788gghh
625,Jonas,Aaron,7788gghh
626,Rod,Tresise,7788gghh
627,Cleavland,Conklin,7788gghh
628,Bunni,Leere,7788gghh
629,Sammy,McCrostie,7788gghh
630,Berti,Paice,7788gghh
631,Antone,Halloway,7788gghh
632,Hanson,Sibson,7788gghh
633,Fitz,Draayer,7788gghh
634,Brion,Pitt,7788gghh
635,Sheridan,Feldberg,7788gghh
636,Chantalle,Giotto,7788gghh
637,Randi,Wiggington,7788gghh
638,Sergei,Cahan,7788gghh
639,Bobbette,Jarvie,7788gghh
640,Guillema,Ludwikiewicz,7788gghh
641,Jaye,Doblin,7788gghh
642,Sybilla,McMorran,7788gghh
643,Cami,Ghelarducci,7788gghh
644,Hashim,Klemke,7788gghh
645,Stern,Pluck,7788gghh
646,Mercedes,Postlewhite,7788gghh
647,Petronille,Klagges,7788gghh
648,Andra,Penson,7788gghh
649,Sile,Ninnis,7788gghh
650,Kissiah,Debill,7788gghh
651,Cherie,Todd,7788gghh
652,Ingamar,Hanna,7788gghh
653,Clementia,McAllaster,7788gghh
654,Brianne,Rayer,7788gghh
655,Nikolaus,Borrie,7788gghh
656,Angy,MacElharge,7788gghh
657,Kelsey,Haly,7788gghh
658,Berni,Zouch,7788gghh
659,Verge,Hamor,7788gghh
660,Juliane,Hartmann,7788gghh
661,Whitney,Raulin,7788gghh
662,Terence,Rawdall,7788gghh
663,Joanna,Ellam,7788gghh
664,Ronny,Eastwell,7788gghh
665,Nertie,Meugens,7788gghh
666,Gertrud,Strognell,7788gghh
667,Vergil,Colmore,7788gghh
668,Antonina,Markova,7788gghh
669,Farah,Baldree,7788gghh
670,Leeland,Mantione,7788gghh
671,Rawley,Brambill,7788gghh
672,Bruis,Rahl,7788gghh
673,Luther,Viegas,7788gghh
674,Brooks,Harcase,7788gghh
675,Lettie,Gaskarth,7788gghh
676,Roddie,MacCaughen,7788gghh
677,Garey,Sussams,7788gghh
678,Geri,Malyon,7788gghh
679,Ema,Mattersley,7788gghh
680,Webster,Smead,7788gghh
681,Slade,Gaiter,7788gghh
682,Patrice,Ingleson,7788gghh
683,Innis,Malham,7788gghh
684,Jeremy,Huws,7788gghh
685,Elbert,Eagle,7788gghh
686,Cari,Cathro,7788gghh
687,Elysee,Murrhardt,7788gghh
688,Devlen,Leakner,7788gghh
689,Cathleen,Angliss,7788gghh
690,Monica,Muggleston,7788gghh
691,Simon,Taberer,7788gghh
692,Helge,Fleischer,7788gghh
693,Adrian,Hamblington,7788gghh
694,Abbe,Campes,7788gghh
695,Suzette,Filyushkin,7788gghh
696,Adelaida,Rozec,7788gghh
697,Stillman,Benedict,7788gghh
698,Elisha,Issacoff,7788gghh
699,Adena,Chancelier,7788gghh
700,Rudyard,Hubbins,7788gghh
701,Electra,Whatmough,7788gghh
702,Buffy,Isselee,7788gghh
703,Kare,Worsam,7788gghh
704,Vasily,Fero,7788gghh
705,Whitney,Hayler,7788gghh
706,Edsel,Collip,7788gghh
707,Ilysa,de Clercq,7788gghh
708,Rey,Hurlestone,7788gghh
709,Giacopo,Haps,7788gghh
710,Sharla,Geach,7788gghh
711,Shantee,Dowry,7788gghh
712,Freeman,Pitceathly,7788gghh
713,Ricky,Croan,7788gghh
714,Martyn,Coulter,7788gghh
715,Julie,Pirie,7788gghh
716,Helli,Fend,7788gghh
717,Terrie,Dorking,7788gghh
718,Moira,Plaice,7788gghh
719,Danila,Eitter,7788gghh
720,Zelma,Dilgarno,7788gghh
721,Ulric,Eveque,7788gghh
722,Hilde,Loomes,7788gghh
723,Tamma,Oliver-Paull,7788gghh
724,Lodovico,Landell,7788gghh
725,Jeffrey,Sumsion,7788gghh
726,Perri,Meier,7788gghh
727,Brear,Albany,7788gghh
728,Frederigo,Greser,7788gghh
729,Heidie,Hulland,7788gghh
730,Pancho,Espinola,7788gghh
731,Marni,Zywicki,7788gghh
732,Caryn,Mycock,7788gghh
733,Fina,Breede,7788gghh
734,Myra,Nuzzi,7788gghh
735,Betty,Hendrickson,7788gghh
736,Lock,Seymour,7788gghh
737,Rozina,Yoodall,7788gghh
738,Bartlett,Bloggett,7788gghh
739,Stanton,Dykas,7788gghh
740,Giacopo,Persence,7788gghh
741,Hurlee,Matthiesen,7788gghh
742,Roley,Kleynermans,7788gghh
743,Rochester,Oleszkiewicz,7788gghh
744,Ardene,Skerme,7788gghh
745,Martica,Sorrel,7788gghh
746,Nickolai,Measures,7788gghh
747,Risa,Attlee,7788gghh
748,Shanan,Poletto,7788gghh
749,Dalia,Colvine,7788gghh
750,Michell,Shirtcliffe,7788gghh
751,Banky,Abbots,7788gghh
752,Ricky,Moxom,7788gghh
753,Lothaire,Norcross,7788gghh
754,Garik,Heinecke,7788gghh
755,Denney,Leyman,7788gghh
756,Shermie,Seabright,7788gghh
757,Angelika,Rowbottam,7788gghh
758,Catherina,Makepeace,7788gghh
759,Timothy,Springell,7788gghh
760,Fleur,Etchells,7788gghh
761,Ole,Westney,7788gghh
762,Elston,Ferrao,7788gghh
763,Anderson,Currao,7788gghh
764,Pen,Ruck,7788gghh
765,Rudolf,Starten,7788gghh
766,Rice,Hendrich,7788gghh
767,Devan,Ternault,7788gghh
768,Sloan,Tuppeny,7788gghh
769,Hunter,Frapwell,7788gghh
770,Osbert,Zavittieri,7788gghh
771,Aaron,Grzegorzewicz,7788gghh
772,Joni,Cronshaw,7788gghh
773,Ginger,Kinleyside,7788gghh
774,Laurie,Levermore,7788gghh
775,Sheridan,Margerrison,7788gghh
776,Lulu,Harsent,7788gghh
777,Gerick,Colbridge,7788gghh
778,Jerrilyn,Morley,7788gghh
779,Dorian,Sinkings,7788gghh
780,Sandor,Renowden,7788gghh
781,Giff,Stallan,7788gghh
782,Lilli,Peggram,7788gghh
783,Elbertina,De La Salle,7788gghh
784,Rich,Alastair,7788gghh
785,Ripley,Lunt,7788gghh
786,Lou,Bisterfeld,7788gghh
787,Lutero,Treweke,7788gghh
788,Petronilla,Allanby,7788gghh
789,Halli,Dobeson,7788gghh
790,Teresita,Pannett,7788gghh
791,Tan,Piddocke,7788gghh
792,Coral,Paten,7788gghh
793,Nick,Maypowder,7788gghh
794,Zahara,Aldred,7788gghh
795,Chrissy,Hebburn,7788gghh
796,Caesar,Murrow,7788gghh
797,Antonin,Shiels,7788gghh
798,Anatole,Okenfold,7788gghh
799,Arnaldo,Lethieulier,7788gghh
800,Arron,Blakeden,7788gghh
801,Mikol,Eskrigge,9900yyzz
802,Ronny,Nehlsen,9900yyzz
803,Valli,Bleyman,9900yyzz
804,Mireielle,Maden,9900yyzz
805,Mariellen,Tiley,9900yyzz
806,Mitchel,Emtage,9900yyzz
807,Aylmar,Vardey,9900yyzz
808,Arny,Clyma,9900yyzz
809,Kathlin,Stowers,9900yyzz
810,Reta,Chazelas,9900yyzz
811,Raquela,Jaulme,9900yyzz
812,Parnell,Holdworth,9900yyzz
813,Gavan,Plank,9900yyzz
814,Huey,Burder,9900yyzz
815,Ezri,Dalloway,9900yyzz
816,Abran,O' Mara,9900yyzz
817,Erv,Allenson,9900yyzz
818,Linn,Nelthropp,9900yyzz
819,Toni,Atack,9900yyzz
820,Gaye,Tort,9900yyzz
821,Somerset,D'Aeth,9900yyzz
822,Annabel,Licquorish,9900yyzz
823,Tatiana,Denes,9900yyzz
824,Bride,Coventon,9900yyzz
825,Phoebe,Harriday,9900yyzz
826,Katleen,Luckings,9900yyzz
827,Brittney,Bauduccio,9900yyzz
828,Saul,Genn,9900yyzz
829,Ellissa,Plaunch,9900yyzz
830,Michaella,O'Daly,9900yyzz
831,Washington,Longhurst,9900yyzz
832,Gaspar,Orrell,9900yyzz
833,Verna,Amsden,9900yyzz
834,Veda,Harmour,9900yyzz
835,Mikel,Kerswill,9900yyzz
836,Filberte,Happer,9900yyzz
837,Martin,Cyples,9900yyzz
838,Jennilee,Motion,9900yyzz
839,Eilis,Firby,9900yyzz
840,Bax,Darbyshire,9900yyzz
841,Julina,Monteith,9900yyzz
842,Jacky,Connikie,9900yyzz
843,Avery,Ambrogelli,9900yyzz
844,Charissa,Bouttell,9900yyzz
845,Sawyere,Menier,9900yyzz
846,Bourke,Jeskins,9900yyzz
847,Natassia,MacKimm,9900yyzz
848,Stephenie,Hazzard,9900yyzz
849,Barbara-anne,Sawkins,9900yyzz
850,Jenny,Riach,9900yyzz
851,Rosabelle,Stodhart,9900yyzz
852,Somerset,Dansey,9900yyzz
853,Jacky,Blinckhorne,9900yyzz
854,Aloise,Halling,9900yyzz
855,Ursula,Verity,9900yyzz
856,Lemuel,Beddows,9900yyzz
857,Iver,Doornbos,9900yyzz
858,Dino,Cisar,9900yyzz
859,Lorilyn,Olczak,9900yyzz
860,Bay,Brownjohn,9900yyzz
861,Neel,Vallantine,9900yyzz
862,Malissia,Stenett,9900yyzz
863,Royal,Iddins,9900yyzz
864,Robinetta,Myhill,9900yyzz
865,Philipa,Albasiny,9900yyzz
866,Stevana,Bubeer,9900yyzz
867,Dorothee,Jeanes,9900yyzz
868,Boyd,Ledington,9900yyzz
869,Davine,Bartoszek,9900yyzz
870,Nanon,Elders,9900yyzz
871,Issy,Eslinger,9900yyzz
872,Dorella,Beane,9900yyzz
873,Myrilla,Matushevitz,9900yyzz
874,Cloe,Altimas,9900yyzz
875,Elisa,Haburne,9900yyzz
876,Adolph,Rhydderch,9900yyzz
877,Delano,Osbiston,9900yyzz
878,Elvina,Hawkswood,9900yyzz
879,Lowell,Laste,9900yyzz
880,Killian,Younger,9900yyzz
881,Kalli,Stoneley,9900yyzz
882,Elvera,Yanele,9900yyzz
883,Bud,Burger,9900yyzz
884,Bartholemy,Mabon,9900yyzz
885,Steward,Lathwell,9900yyzz
886,Teddi,Blaszczynski,9900yyzz
887,Josy,Murkus,9900yyzz
888,Wye,Fauguel,9900yyzz
889,Charlene,Pledge,9900yyzz
890,Ricki,Le Grove,9900yyzz
891,Bettina,Searl,9900yyzz
892,Celinda,Tolputt,9900yyzz
893,Egor,Fagan,9900yyzz
894,Darrel,Gurwood,9900yyzz
895,Stephine,Jellman,9900yyzz
896,Ali,Siemons,9900yyzz
897,Calvin,Beecker,9900yyzz
898,Mildrid,Klain,9900yyzz
899,Farr,Dillon,9900yyzz
900,Lottie,Goodright,9900yyzz
901,Felicle,Domanski,9900yyzz
902,Lenna,Busby,9900yyzz
903,Charity,Bagnell,9900yyzz
904,Mirabella,Serridge,9900yyzz
905,Sara-ann,Gunby,9900yyzz
906,Barr,Skatcher,9900yyzz
907,Karoly,Pettiford,9900yyzz
908,Dionis,Polo,9900yyzz
909,Daron,Winward,9900yyzz
910,Saloma,Siemon,9900yyzz
911,Faunie,Martino,9900yyzz
912,Hermione,Yuranovev,9900yyzz
913,Betti,Ianson,9900yyzz
914,Mindy,Liveing,9900yyzz
915,Flor,Folling,9900yyzz
916,Valentijn,Barthorpe,9900yyzz
917,Domenic,Coultass,9900yyzz
918,Caroljean,Gunton,9900yyzz
919,Garrik,Bingell,9900yyzz
920,Hunfredo,Tompkin,9900yyzz
921,Joletta,Edkins,9900yyzz
922,Tamara,Bannester,9900yyzz
923,Addison,Francino,9900yyzz
924,Lannie,Entissle,9900yyzz
925,Thorpe,Bonnell,9900yyzz
926,Pennie,Feldheim,9900yyzz
927,Padraic,Houselee,9900yyzz
928,Lorin,Martellini,9900yyzz
929,Erna,Carnelley,9900yyzz
930,Hallsy,Hyndes,9900yyzz
931,Knox,McManamen,9900yyzz
932,Vanna,Wrightson,9900yyzz
933,Arlene,Jarlmann,9900yyzz
934,Dolores,Fenich,9900yyzz
935,Mauricio,Spohrmann,9900yyzz
936,Valera,Alpes,9900yyzz
937,Rob,Kmicicki,9900yyzz
938,Kristen,Pauleau,9900yyzz
939,Constancy,Putt,9900yyzz
940,Ursula,Gravener,9900yyzz
941,Waldemar,Argile,9900yyzz
942,Aleece,Bartolomeazzi,9900yyzz
943,Rusty,Fullick,9900yyzz
944,Paolo,Gurwood,9900yyzz
945,Ninette,Sickert,9900yyzz
946,Carmine,Bibey,9900yyzz
947,Drake,Rippen,9900yyzz
948,Gabrila,Breward,9900yyzz
949,Britta,Purseglove,9900yyzz
950,Elsinore,Deverock,9900yyzz
951,Bette,Toope,9900yyzz
952,Westbrook,Keasey,9900yyzz
953,Carly,Norrey,9900yyzz
954,Angeli,Carl,9900yyzz
955,Ashlin,Callendar,9900yyzz
956,Dyanna,Gheorghescu,9900yyzz
957,Mackenzie,Heis,9900yyzz
958,Stormi,Mournian,9900yyzz
959,Miof mela,Dumbellow,9900yyzz
960,Rip,Keddie,9900yyzz
961,Gothart,Gaber,9900yyzz
962,Gustavo,Glading,9900yyzz
963,Jabez,Swayte,9900yyzz
964,Martyn,Littrick,9900yyzz
965,Sebastian,Armer,9900yyzz
966,Terra,Dinnington,9900yyzz
967,Matthus,Darlison,9900yyzz
968,Del,Tettley,9900yyzz
969,Veronica,Cuppleditch,9900yyzz
970,Marge,Asee,9900yyzz
971,Gisella,Beetles,9900yyzz
972,Isaak,Barkess,9900yyzz
973,Leeland,Ferriman,9900yyzz
974,Madelin,Capewell,9900yyzz
975,Imojean,Dollen,9900yyzz
976,Faythe,Beesey,9900yyzz
977,Melba,Pumphrey,9900yyzz
978,Jaimie,Carles,9900yyzz
979,Farand,Soame,9900yyzz
980,Tadio,Hadaway,9900yyzz
981,Meir,Kleinber,9900yyzz
982,Drusy,Bellew,9900yyzz
983,Conrado,Rodrigues,9900yyzz
984,Boony,Garretts,9900yyzz
985,Bette-ann,Reven,9900yyzz
986,Mal,Edinburough,9900yyzz
987,Pyotr,Keling,9900yyzz
988,Hertha,Toby,9900yyzz
989,Anstice,McDonogh,9900yyzz
990,Ephrem,Abbess,9900yyzz
991,Markos,Patterson,9900yyzz
992,Berta,Philippart,9900yyzz
993,Hobie,Gorusso,9900yyzz
994,Celia,Roskell,9900yyzz
995,Dwain,Goodliffe,9900yyzz
996,Monti,Guarin,9900yyzz
997,Lonnard,Normanvell,9900yyzz
998,Ericka,Mayze,9900yyzz
999,Vasilis,Jeppensen,9900yyzz
1000,Carlynn,Trayte,9900yyzz
1001,Taro,ITO,9900yyzz
